filename,object_id,x,y,object_type,peak_intensity,sigma_x,sigma_y,theta_deg,flux_model
img_00000.png,0,274.027,140.256,galaxy_like,91.187,7.564,3.385,8.114,14669.503
img_00000.png,1,323.294,256.686,star,112.823,1.291,1.334,110.902,1220.696
img_00000.png,2,89.003,68.296,galaxy_like,91.870,5.109,2.518,174.170,7424.084
img_00000.png,3,436.574,220.568,galaxy_like,39.540,3.837,3.119,100.749,2973.244
img_00000.png,4,282.546,338.894,star,140.017,1.630,1.735,163.691,2487.992
img_00000.png,5,396.103,46.916,star,131.192,1.411,1.435,174.011,1668.905
img_00000.png,6,311.354,93.591,galaxy_like,23.620,4.191,2.805,109.286,1744.559
img_00000.png,7,354.080,232.991,galaxy_like,64.955,7.777,4.152,96.200,13179.054
img_00001.png,0,326.947,52.286,star,156.740,1.472,1.296,49.604,1879.028
img_00001.png,1,226.254,299.812,star,25.494,1.929,1.971,27.230,609.034
img_00001.png,2,248.469,218.330,star,66.752,2.001,2.145,37.360,1800.794
img_00001.png,3,168.078,143.865,star,96.839,1.550,1.347,151.728,1270.942
img_00001.png,4,188.021,301.430,star,142.090,1.550,1.624,101.751,2246.724
img_00001.png,5,139.588,374.878,star,56.292,1.638,1.657,99.542,959.808
img_00001.png,6,209.788,123.405,star,66.958,2.633,2.384,29.388,2640.434
img_00001.png,7,56.408,330.554,star,40.349,2.689,3.087,52.671,2104.346
img_00001.png,8,309.684,61.715,star,159.532,1.372,1.343,34.403,1847.361
img_00001.png,9,252.273,427.834,star,58.522,2.240,2.191,131.899,1804.387
img_00001.png,10,217.058,281.125,galaxy_like,69.924,6.935,4.645,123.731,14152.651
img_00001.png,11,426.676,268.612,galaxy_like,80.529,6.438,3.575,104.235,11643.476
img_00001.png,12,354.865,120.608,star,57.138,2.471,2.761,29.175,2449.526
img_00001.png,13,162.403,335.026,star,35.982,1.831,1.761,155.185,729.160
img_00001.png,14,244.568,189.629,star,135.240,2.137,2.199,34.154,3993.117
img_00001.png,15,251.365,124.570,galaxy_like,58.798,6.803,3.232,49.790,8121.373
img_00001.png,16,191.299,119.387,galaxy_like,20.152,4.543,3.589,159.160,2064.258
img_00001.png,17,249.367,154.980,star,81.856,2.020,2.278,152.826,2365.949
img_00001.png,18,198.133,449.960,galaxy_like,61.952,6.087,2.472,106.255,5856.716
img_00001.png,19,356.385,137.585,star,71.659,2.181,2.460,85.530,2415.740
img_00001.png,20,467.173,36.290,galaxy_like,99.162,7.238,4.763,153.274,21477.960
img_00001.png,21,383.089,267.869,star,78.020,1.534,1.699,27.373,1277.633
img_00001.png,22,120.056,111.788,star,70.183,1.676,1.750,35.135,1292.790
img_00001.png,23,157.808,261.505,galaxy_like,80.598,6.182,3.644,30.223,11405.896
img_00001.png,24,324.415,451.693,star,108.007,1.557,1.380,144.654,1457.661
img_00001.png,25,404.492,230.755,star,62.590,1.828,1.570,5.899,1128.694
img_00001.png,26,405.285,344.055,star,156.556,1.360,1.305,126.600,1744.689
img_00001.png,27,398.614,395.674,star,101.436,1.474,1.659,106.636,1558.151
img_00001.png,28,258.008,209.698,star,47.890,1.652,1.724,37.619,856.816
img_00001.png,29,307.236,392.929,galaxy_like,74.708,7.039,4.738,114.655,15654.780
img_00002.png,0,218.847,51.173,star,118.668,1.234,1.137,35.741,1046.161
img_00002.png,1,397.527,242.990,star,110.623,1.776,1.854,148.905,2288.652
img_00002.png,2,161.438,134.701,star,152.654,2.406,2.709,29.661,6251.953
img_00002.png,3,100.573,313.036,galaxy_like,42.296,4.239,1.684,169.525,1896.905
img_00002.png,4,161.818,412.156,galaxy_like,51.404,4.911,4.155,131.500,6589.142
img_00002.png,5,466.818,84.823,galaxy_like,35.188,3.252,1.837,1.416,1320.776
img_00002.png,6,446.577,133.507,galaxy_like,49.493,4.326,2.459,68.514,3308.488
img_00002.png,7,165.007,48.232,star,111.956,2.128,2.252,18.772,3371.908
img_00002.png,8,287.245,193.541,star,46.301,2.441,2.257,27.217,1603.154
img_00002.png,9,135.583,428.715,star,66.229,1.422,1.321,32.055,781.532
img_00002.png,10,69.132,324.710,star,80.896,1.808,2.004,106.468,1841.278
img_00002.png,11,147.174,449.437,star,82.878,2.077,2.376,21.423,2570.447
img_00002.png,12,121.191,89.283,star,130.494,2.308,2.240,110.717,4237.729
img_00002.png,13,371.514,62.117,galaxy_like,29.911,4.101,1.555,81.724,1198.775
img_00002.png,14,355.385,87.784,galaxy_like,77.318,5.410,2.632,89.058,6916.980
img_00002.png,15,335.224,85.824,galaxy_like,55.521,4.429,3.027,123.636,4677.060
img_00002.png,16,431.136,93.254,star,71.745,2.008,2.293,124.670,2075.501
img_00002.png,17,106.612,54.490,star,46.522,2.474,2.151,116.522,1555.552
img_00002.png,18,167.968,93.153,star,74.696,2.177,2.200,106.596,2247.330
img_00002.png,19,464.328,151.259,star,39.528,1.940,2.191,84.714,1055.414
img_00002.png,20,478.164,450.183,star,26.644,1.770,1.810,91.308,536.360
img_00002.png,21,29.500,300.727,star,49.128,2.509,2.300,79.996,1781.537
img_00002.png,22,59.474,165.524,galaxy_like,29.200,5.799,3.276,97.279,3485.655
img_00002.png,23,388.156,61.794,galaxy_like,51.762,5.196,3.488,59.175,5893.954
img_00002.png,24,353.794,304.420,galaxy_like,18.350,7.969,3.096,12.974,2844.517
img_00002.png,25,237.879,159.780,galaxy_like,65.065,4.014,3.117,117.765,5115.944
img_00002.png,26,126.979,299.693,star,88.465,2.037,2.327,79.166,2633.668
img_00002.png,27,272.494,178.753,star,79.758,1.738,1.896,99.600,1651.286
img_00002.png,28,320.228,440.917,star,67.935,2.698,2.813,76.032,3239.311
img_00002.png,29,467.161,456.159,star,100.849,2.464,2.108,75.189,3291.369
img_00002.png,30,239.491,75.130,galaxy_like,44.682,4.061,1.844,63.056,2102.063
img_00002.png,31,236.673,232.038,star,154.411,1.977,1.844,99.516,3536.091
img_00002.png,32,361.459,95.105,star,71.841,1.833,2.075,69.844,1717.220
img_00002.png,33,198.698,251.507,star,39.948,1.274,1.210,111.353,387.126
img_00002.png,34,137.997,368.923,star,104.909,2.679,3.032,133.880,5353.698
img_00003.png,0,353.681,334.756,star,91.551,2.100,2.208,136.499,2668.359
img_00003.png,1,61.287,391.575,star,56.444,2.095,1.934,76.828,1437.376
img_00003.png,2,360.400,364.120,galaxy_like,66.508,7.505,4.084,61.701,12809.569
img_00003.png,3,285.649,473.321,star,43.480,2.545,2.905,14.359,2019.950
img_00003.png,4,113.175,233.348,galaxy_like,32.367,5.983,2.429,112.312,2956.198
img_00003.png,5,34.349,301.491,star,133.114,2.495,2.243,50.717,4680.621
img_00003.png,6,237.845,323.729,star,152.361,1.689,1.905,147.787,3079.952
img_00003.png,7,32.543,274.755,star,157.116,1.322,1.398,61.318,1824.640
img_00003.png,8,302.733,302.905,star,29.400,1.350,1.227,32.252,306.149
img_00003.png,9,197.569,284.817,star,70.074,2.174,2.095,74.087,2005.762
img_00003.png,10,337.861,430.111,galaxy_like,82.846,7.253,3.334,48.173,12585.600
img_00003.png,11,245.402,219.449,galaxy_like,81.538,4.994,2.994,71.599,7660.275
img_00003.png,12,228.170,178.144,star,141.858,1.946,2.123,150.914,3683.417
img_00003.png,13,272.176,279.366,star,148.303,2.338,2.348,108.785,5116.197
img_00003.png,14,477.326,358.344,star,139.551,2.070,2.165,129.590,3929.142
img_00003.png,15,420.299,78.823,star,150.314,2.053,1.868,146.317,3622.444
img_00004.png,0,88.742,85.555,star,124.940,1.705,1.880,119.145,2516.127
img_00004.png,1,473.721,118.060,star,52.925,1.497,1.509,126.395,751.354
img_00004.png,2,404.982,288.438,galaxy_like,58.140,5.810,2.514,139.200,5335.416
img_00004.png,3,253.484,205.714,star,127.690,2.660,2.506,108.987,5347.808
img_00004.png,4,355.968,253.617,star,99.943,2.641,2.478,60.240,4109.904
img_00004.png,5,58.368,472.709,star,76.165,1.999,2.113,102.565,2020.794
img_00004.png,6,157.233,64.912,galaxy_like,54.780,7.421,4.186,160.216,10692.146
img_00004.png,7,401.577,292.581,star,127.738,1.686,1.790,65.438,2422.005
img_00004.png,8,196.796,385.210,star,30.902,1.521,1.394,174.860,411.634
img_00004.png,9,483.019,66.040,star,138.556,2.458,2.636,51.784,5639.404
img_00004.png,10,358.735,98.553,star,132.656,2.468,2.464,137.931,5068.383
img_00004.png,11,383.082,379.839,star,158.604,1.690,1.722,173.542,2900.304
img_00004.png,12,100.501,394.937,star,107.788,2.000,1.703,110.500,2306.488
img_00004.png,13,471.425,95.646,galaxy_like,60.740,4.520,2.147,146.987,3704.195
img_00004.png,14,412.505,90.874,star,90.668,1.393,1.593,125.641,1264.169
img_00004.png,15,243.429,67.474,star,117.562,1.797,1.836,85.891,2437.437
img_00004.png,16,329.466,154.254,galaxy_like,89.594,6.953,5.719,174.051,22383.849
img_00004.png,17,253.962,292.388,star,150.551,1.584,1.761,140.748,2638.848
img_00004.png,18,270.835,102.341,star,28.749,2.524,2.414,61.515,1100.599
img_00004.png,19,149.319,363.931,galaxy_like,19.841,6.914,5.509,74.999,4747.880
img_00004.png,20,345.364,117.450,star,66.433,2.308,2.449,71.430,2359.738
img_00004.png,21,341.825,292.016,star,69.290,1.761,1.997,53.141,1530.790
img_00004.png,22,453.772,263.722,galaxy_like,49.830,7.656,5.024,90.421,12041.198
img_00004.png,23,273.910,131.793,galaxy_like,21.266,4.134,3.226,23.552,1782.256
img_00004.png,24,249.475,468.483,star,68.459,1.604,1.705,115.568,1176.425
img_00004.png,25,117.711,57.214,star,148.466,2.423,2.169,77.609,4901.697
img_00004.png,26,190.465,89.088,star,40.561,1.653,1.851,102.269,779.557
img_00004.png,27,328.471,200.517,galaxy_like,97.701,5.694,4.232,30.721,14791.982
img_00004.png,28,434.787,229.564,star,87.843,1.376,1.546,34.601,1174.246
img_00004.png,29,305.569,38.968,star,115.001,2.289,2.426,172.398,4012.105
img_00004.png,30,35.308,158.023,star,118.316,2.111,2.361,142.308,3705.248
img_00004.png,31,76.401,34.154,star,70.302,2.066,1.943,38.325,1773.221
img_00004.png,32,124.724,476.061,star,100.681,2.451,2.544,119.888,3944.779
img_00005.png,0,406.950,472.407,star,72.959,2.421,2.423,68.523,2688.055
img_00005.png,1,342.803,203.087,star,59.987,2.373,2.183,143.260,1952.515
img_00005.png,2,323.222,75.853,star,140.776,1.381,1.244,142.852,1519.154
img_00005.png,3,96.931,367.316,star,30.615,1.274,1.275,65.644,312.507
img_00005.png,4,416.790,278.370,star,139.441,2.591,2.881,22.215,6539.011
img_00005.png,5,216.723,237.057,star,103.607,1.483,1.691,157.069,1632.225
img_00005.png,6,53.142,216.882,star,27.310,1.756,1.943,97.429,585.317
img_00005.png,7,107.161,210.504,star,147.064,2.635,2.376,152.282,5784.176
img_00006.png,0,455.397,132.943,star,89.828,1.477,1.670,32.675,1392.076
img_00006.png,1,401.820,149.243,galaxy_like,27.471,4.890,3.320,170.786,2801.602
img_00006.png,2,201.558,251.758,galaxy_like,30.960,4.872,2.910,36.502,2758.488
img_00006.png,3,140.766,369.297,star,136.886,2.660,2.347,69.156,5368.522
img_00006.png,4,49.690,265.459,star,65.024,2.585,2.303,179.928,2432.190
img_00006.png,5,257.779,106.395,star,148.722,1.302,1.126,101.022,1370.124
img_00006.png,6,438.142,476.082,galaxy_like,58.795,7.793,5.307,97.427,15276.162
img_00006.png,7,250.248,420.293,star,26.618,2.600,2.961,88.041,1287.477
img_00006.png,8,87.273,448.010,galaxy_like,24.276,6.367,5.225,45.264,5074.215
img_00006.png,9,63.838,182.771,star,80.224,2.346,2.437,70.197,2882.169
img_00006.png,10,280.533,297.991,galaxy_like,85.031,7.806,4.018,86.558,16757.424
img_00006.png,11,319.187,322.296,star,145.547,1.428,1.451,164.027,1894.789
img_00006.png,12,237.104,56.209,star,63.899,1.656,1.678,153.688,1115.626
img_00006.png,13,420.368,454.462,star,149.792,1.265,1.128,165.570,1342.978
img_00006.png,14,101.256,95.034,galaxy_like,85.799,5.005,2.276,145.425,6139.748
img_00006.png,15,466.312,79.784,star,101.227,2.334,2.637,20.058,3914.790
img_00006.png,16,74.784,470.954,galaxy_like,36.449,5.978,3.170,111.207,4340.001
img_00006.png,17,369.226,383.668,star,97.611,1.335,1.489,59.168,1219.614
img_00006.png,18,95.410,486.350,star,116.625,1.219,1.339,113.622,1196.680
img_00006.png,19,235.056,102.263,star,146.220,1.993,2.261,21.211,4139.255
img_00006.png,20,190.673,148.651,galaxy_like,75.402,6.613,3.615,134.670,11326.897
img_00006.png,21,41.878,416.339,star,157.145,2.589,2.719,108.522,6951.380
img_00006.png,22,162.537,410.018,star,70.129,1.321,1.355,150.039,788.465
img_00006.png,23,64.288,33.577,star,137.757,1.310,1.395,6.813,1582.658
img_00006.png,24,455.193,254.741,star,159.897,2.664,2.415,155.875,6465.017
img_00006.png,25,263.298,327.852,star,121.568,1.966,1.993,3.856,2991.938
img_00006.png,26,386.233,137.004,star,66.401,2.130,1.903,125.991,1691.884
img_00006.png,27,259.876,332.682,galaxy_like,93.768,3.055,1.531,24.505,2755.237
img_00006.png,28,327.808,380.868,star,148.052,2.427,2.746,25.864,6201.372
img_00007.png,0,336.177,24.156,galaxy_like,66.920,3.386,1.448,16.725,2061.687
img_00007.png,1,365.539,170.171,star,156.702,1.275,1.231,166.009,1545.472
img_00007.png,2,37.963,293.175,galaxy_like,70.643,5.616,2.670,66.651,6654.718
img_00007.png,3,72.731,65.031,star,159.526,1.775,1.728,17.279,3075.055
img_00007.png,4,201.479,392.126,star,29.826,2.622,2.718,154.194,1335.818
img_00007.png,5,457.564,77.156,star,130.642,2.588,2.319,30.914,4926.787
img_00007.png,6,409.550,82.884,galaxy_like,18.206,7.829,2.860,105.861,2561.259
img_00007.png,7,181.037,225.826,star,136.853,1.756,1.635,39.052,2469.564
img_00007.png,8,140.081,252.621,star,150.753,1.308,1.448,66.048,1793.308
img_00007.png,9,63.315,461.483,star,125.963,2.353,2.469,40.969,4597.565
img_00007.png,10,51.064,418.257,star,104.818,2.689,2.491,157.302,4411.246
img_00007.png,11,249.497,433.621,star,63.002,2.244,2.091,143.664,1857.585
img_00007.png,12,46.985,330.703,galaxy_like,20.480,6.746,3.083,29.124,2676.065
img_00007.png,13,311.649,474.884,star,74.070,1.665,1.487,98.484,1152.651
img_00007.png,14,348.042,135.343,star,130.012,1.301,1.459,141.865,1551.287
img_00007.png,15,446.084,270.420,galaxy_like,22.930,3.177,1.556,105.430,712.441
img_00007.png,16,302.710,371.247,star,26.301,2.358,2.702,170.925,1052.606
img_00007.png,17,145.899,478.249,star,59.437,2.480,2.824,163.459,2615.951
img_00007.png,18,191.240,297.569,galaxy_like,63.996,5.337,2.549,53.871,5469.309
img_00007.png,19,163.573,478.596,star,133.494,1.508,1.339,129.328,1694.061
img_00007.png,20,321.983,384.811,star,149.940,2.351,2.521,24.871,5582.397
img_00007.png,21,417.099,233.752,star,54.032,1.854,2.037,95.990,1282.153
img_00007.png,22,89.453,206.336,galaxy_like,40.832,6.225,3.791,6.407,6055.025
img_00007.png,23,267.844,270.501,star,157.186,2.574,2.448,134.607,6222.809
img_00007.png,24,449.351,66.250,star,154.542,1.539,1.547,172.547,2311.501
img_00007.png,25,184.345,232.651,star,119.318,1.937,1.794,165.903,2604.648
img_00007.png,26,51.430,83.039,star,131.231,2.311,2.207,2.277,4205.357
img_00007.png,27,73.966,423.968,galaxy_like,89.984,5.461,3.165,175.363,9773.068
img_00007.png,28,366.453,413.080,star,82.582,2.000,2.079,163.011,2156.666
img_00007.png,29,214.025,267.114,star,143.991,2.607,2.701,1.695,6369.325
img_00007.png,30,113.726,405.585,star,94.307,2.518,2.617,96.785,3904.019
img_00007.png,31,187.325,59.094,galaxy_like,86.694,3.036,2.370,163.009,3919.279
img_00007.png,32,385.213,361.164,galaxy_like,54.110,7.947,6.562,129.285,17729.224
img_00007.png,33,274.692,327.837,star,93.284,1.614,1.787,154.590,1691.082
img_00007.png,34,224.315,460.664,star,129.676,1.661,1.499,30.835,2029.414
img_00008.png,0,273.119,320.670,star,145.631,2.316,2.308,138.547,4892.297
img_00008.png,1,280.793,360.805,galaxy_like,65.108,3.597,2.027,27.714,2983.065
img_00008.png,2,285.423,298.472,star,45.864,1.299,1.472,60.665,550.653
img_00008.png,3,300.604,346.233,star,132.935,1.529,1.301,52.066,1661.475
img_00008.png,4,486.745,200.818,star,90.413,1.571,1.654,144.739,1476.894
img_00008.png,5,35.672,27.367,star,145.433,1.585,1.620,39.200,2346.003
img_00008.png,6,280.034,171.432,star,25.626,1.368,1.413,49.427,311.183
img_00008.png,7,52.771,76.034,galaxy_like,61.418,5.886,4.925,28.349,11185.833
img_00008.png,8,170.646,44.170,galaxy_like,46.661,7.481,3.568,160.551,7825.858
img_00008.png,9,40.014,397.038,star,103.160,1.945,1.889,114.296,2381.591
img_00008.png,10,468.019,319.010,star,47.701,2.132,2.313,119.792,1478.253
img_00008.png,11,355.840,479.345,star,55.232,1.359,1.379,30.736,650.135
img_00008.png,12,289.859,435.813,galaxy_like,85.911,7.547,5.222,8.474,21272.382
img_00008.png,13,259.003,405.167,galaxy_like,93.076,6.684,3.106,46.798,12142.112
img_00008.png,14,391.431,391.858,star,142.719,2.180,2.257,81.199,4410.874
img_00008.png,15,113.753,314.532,star,46.817,1.359,1.442,107.400,576.614
img_00008.png,16,91.231,254.107,star,151.965,2.480,2.613,92.004,6189.279
img_00008.png,17,154.869,470.004,star,30.651,2.439,2.258,79.721,1060.485
img_00008.png,18,323.286,172.721,star,49.888,2.235,2.113,109.471,1480.072
img_00008.png,19,421.120,28.293,star,158.872,2.376,2.206,158.718,5231.962
img_00008.png,20,204.704,114.121,star,126.693,1.592,1.562,63.143,1979.262
img_00008.png,21,283.526,114.750,star,97.032,2.080,1.839,107.890,2331.789
img_00008.png,22,307.755,253.806,star,68.984,2.383,2.298,177.292,2373.917
img_00008.png,23,474.728,137.623,galaxy_like,28.221,7.253,5.918,39.604,7611.454
img_00008.png,24,114.778,241.577,star,55.760,1.419,1.372,56.473,682.059
img_00008.png,25,99.787,470.106,galaxy_like,40.919,3.258,2.357,122.315,1974.182
img_00008.png,26,373.220,223.627,star,54.191,2.521,2.740,58.027,2352.405
img_00008.png,27,434.477,258.056,star,86.646,1.921,2.172,84.221,2271.468
img_00008.png,28,480.984,444.730,star,30.300,1.612,1.613,27.900,495.021
img_00008.png,29,153.467,452.731,star,27.469,2.224,2.486,115.200,954.189
img_00008.png,30,190.416,99.911,star,139.398,1.281,1.291,25.709,1448.274
img_00008.png,31,310.973,469.978,galaxy_like,62.740,5.101,4.090,153.868,8223.578
img_00008.png,32,121.334,96.296,star,61.784,2.698,2.996,88.343,3137.689
img_00008.png,33,393.157,75.472,star,53.131,1.443,1.501,40.642,722.943
img_00008.png,34,69.994,150.808,galaxy_like,70.695,6.886,3.367,55.799,10298.715
img_00009.png,0,236.636,106.578,star,150.888,1.480,1.677,94.519,2353.684
img_00009.png,1,373.565,310.522,star,124.311,2.098,1.997,147.159,3272.722
img_00009.png,2,415.923,42.462,star,127.539,1.516,1.565,66.626,1902.058
img_00009.png,3,109.720,262.360,galaxy_like,59.198,6.579,3.921,159.894,9595.534
img_00009.png,4,412.792,103.615,star,107.231,2.503,2.264,52.139,3817.573
img_00009.png,5,289.791,459.829,star,63.911,1.660,1.556,162.827,1037.018
img_00009.png,6,482.023,429.743,galaxy_like,28.020,5.538,3.326,139.968,3242.659
img_00009.png,7,237.072,449.618,star,133.167,2.163,2.486,158.834,4500.494
img_00009.png,8,81.782,180.437,star,93.477,1.773,1.869,151.023,1946.492
img_00009.png,9,127.016,391.548,star,94.215,2.419,2.252,133.356,3224.635
img_00009.png,10,160.523,349.452,star,60.273,1.757,1.967,76.362,1309.074
img_00009.png,11,355.914,25.193,star,31.890,2.262,2.241,45.068,1015.915
img_00009.png,12,311.525,321.574,galaxy_like,51.043,6.714,4.395,84.599,9463.779
img_00009.png,13,198.282,229.555,star,44.109,2.203,2.308,148.693,1409.140
img_00009.png,14,333.235,104.176,star,66.649,1.461,1.410,137.607,862.726
img_00009.png,15,392.044,263.078,star,127.417,2.030,1.917,31.984,3114.888
img_00009.png,16,93.874,182.881,star,55.254,1.644,1.463,142.915,835.460
img_00009.png,17,275.662,108.928,star,154.392,2.383,2.609,104.941,6030.764
img_00009.png,18,66.429,161.808,star,34.295,1.696,1.924,81.981,703.100
img_00009.png,19,231.288,254.102,star,99.633,1.672,1.736,110.315,1817.952
img_00010.png,0,322.028,31.492,star,63.155,1.569,1.763,22.281,1098.232
img_00010.png,1,128.011,208.071,star,25.616,2.559,2.212,69.129,910.976
img_00010.png,2,279.178,64.136,star,93.465,1.882,2.151,96.315,2378.110
img_00010.png,3,256.056,101.270,star,150.208,2.452,2.402,1.605,5559.107
img_00010.png,4,276.244,297.766,star,121.914,2.222,2.092,167.079,3559.755
img_00010.png,5,237.713,50.780,star,54.502,2.306,2.192,84.162,1731.314
img_00010.png,6,307.372,362.257,star,43.801,1.578,1.714,135.705,744.418
img_00010.png,7,337.792,448.991,star,101.770,1.515,1.462,48.524,1415.849
img_00010.png,8,415.804,111.197,star,51.136,2.566,2.630,168.825,2168.087
img_00011.png,0,453.629,339.693,star,123.611,1.784,1.858,73.658,2574.610
img_00011.png,1,117.244,444.773,galaxy_like,52.978,4.750,2.575,26.072,4072.149
img_00011.png,2,480.489,81.326,galaxy_like,57.597,7.073,5.994,99.556,15343.345
img_00011.png,3,409.318,100.264,star,156.539,1.798,2.012,148.906,3557.657
img_00011.png,4,116.724,336.256,galaxy_like,60.462,5.304,1.868,30.265,3764.609
img_00011.png,5,382.905,333.743,galaxy_like,99.671,6.315,2.985,139.315,11805.625
img_00011.png,6,452.469,195.678,star,91.530,1.409,1.456,124.409,1179.940
img_00011.png,7,343.923,284.704,galaxy_like,84.691,3.440,1.884,14.780,3448.635
img_00011.png,8,321.822,188.892,star,66.069,2.214,2.035,163.303,1870.068
img_00011.png,9,335.933,445.288,star,148.591,1.988,1.887,30.008,3502.576
img_00011.png,10,345.829,109.763,star,49.206,2.078,2.159,44.596,1387.251
img_00011.png,11,26.282,338.180,galaxy_like,49.818,3.840,2.090,31.440,2511.274
img_00011.png,12,154.548,74.561,star,144.016,2.296,2.045,124.193,4248.278
img_00011.png,13,459.420,159.456,galaxy_like,69.320,7.066,3.635,47.349,11186.367
img_00011.png,14,420.258,301.323,galaxy_like,59.253,4.802,2.278,97.657,4072.864
img_00011.png,15,459.788,262.518,star,146.517,2.638,2.729,7.892,6626.638
img_00011.png,16,379.032,216.137,star,66.710,2.377,2.366,10.956,2357.516
img_00011.png,17,393.359,25.260,star,78.884,2.697,2.482,133.458,3317.682
img_00011.png,18,300.833,72.522,star,77.024,1.397,1.462,131.864,988.026
img_00011.png,19,310.205,79.855,star,107.989,1.957,1.724,113.818,2288.581
img_00011.png,20,149.896,247.939,galaxy_like,63.620,3.981,3.073,116.971,4889.482
img_00011.png,21,249.204,457.501,galaxy_like,34.090,4.977,3.050,162.146,3251.216
img_00011.png,22,261.880,414.178,star,113.112,1.747,1.872,29.874,2324.893
img_00011.png,23,402.855,34.802,star,88.191,1.726,1.535,109.635,1468.401
img_00011.png,24,437.803,440.434,star,89.797,2.224,2.208,3.382,2770.644
img_00011.png,25,27.924,192.935,star,76.114,2.288,2.111,121.151,2309.297
img_00011.png,26,167.009,235.971,star,64.592,2.198,2.527,10.592,2254.031
img_00011.png,27,214.152,363.954,star,86.574,2.607,2.480,19.584,3517.110
img_00012.png,0,323.301,65.744,star,141.543,2.044,1.840,109.716,3344.928
img_00012.png,1,105.012,375.372,star,99.123,1.397,1.315,83.323,1144.355
img_00012.png,2,371.332,197.664,galaxy_like,69.366,3.386,1.456,140.131,2148.666
img_00012.png,3,353.995,316.630,star,150.645,2.052,1.937,141.731,3762.905
img_00012.png,4,196.209,132.872,galaxy_like,20.440,3.753,1.581,145.815,762.079
img_00012.png,5,122.779,157.132,star,98.855,1.884,1.610,40.857,1883.994
img_00012.png,6,30.424,288.809,star,36.163,2.358,2.699,81.413,1445.970
img_00012.png,7,328.471,142.398,star,91.302,1.757,1.825,30.187,1839.567
img_00012.png,8,423.397,161.374,star,137.027,2.571,2.345,110.465,5191.210
img_00012.png,9,477.516,209.243,star,71.045,1.856,1.712,63.535,1418.712
img_00012.png,10,260.070,263.669,galaxy_like,35.165,4.682,2.066,33.450,2137.480
img_00012.png,11,232.819,216.414,star,28.025,2.381,2.264,17.638,949.086
img_00012.png,12,239.897,420.410,star,34.455,2.496,2.344,69.455,1266.731
img_00012.png,13,148.148,405.072,star,127.840,1.997,1.786,135.993,2865.014
img_00012.png,14,295.618,79.880,star,96.766,2.019,1.732,152.628,2126.166
img_00012.png,15,466.923,400.201,star,99.994,1.697,1.477,115.357,1574.788
img_00012.png,16,77.007,334.647,galaxy_like,60.272,7.108,4.234,0.474,11397.791
img_00012.png,17,140.845,88.219,star,88.290,1.215,1.121,46.437,755.037
img_00012.png,18,476.282,120.706,star,91.147,2.340,2.054,2.294,2751.501
img_00013.png,0,160.023,226.210,galaxy_like,40.752,3.558,2.249,83.815,2048.761
img_00013.png,1,434.643,334.772,star,80.822,1.429,1.504,119.526,1091.591
img_00013.png,2,438.037,61.490,star,122.094,2.365,2.345,62.469,4254.561
img_00013.png,3,234.501,191.651,star,135.384,2.286,2.001,28.517,3890.056
img_00013.png,4,94.062,352.916,galaxy_like,49.673,5.385,3.589,29.729,6031.436
img_00013.png,5,66.006,392.978,star,52.422,2.654,2.520,106.741,2202.816
img_00013.png,6,147.548,105.910,galaxy_like,26.448,5.561,2.627,65.944,2428.029
img_00013.png,7,264.656,313.964,galaxy_like,86.616,7.891,2.907,173.630,12482.323
img_00013.png,8,158.382,55.304,galaxy_like,59.108,6.960,4.109,106.940,10621.915
img_00013.png,9,462.689,36.852,star,83.065,2.535,2.856,107.091,3779.036
img_00013.png,10,205.042,277.368,star,49.374,1.607,1.474,35.956,734.857
img_00013.png,11,114.209,62.818,galaxy_like,50.813,4.260,2.873,116.502,3907.804
img_00013.png,12,292.274,413.473,star,140.697,2.593,2.904,50.735,6656.847
img_00013.png,13,63.751,359.895,star,116.361,2.055,2.125,62.029,3192.273
img_00013.png,14,409.165,47.437,galaxy_like,48.501,7.621,4.346,17.356,10093.823
img_00013.png,15,358.854,378.186,star,82.667,2.234,2.171,178.125,2518.852
img_00013.png,16,95.137,386.700,star,79.720,2.683,2.355,147.736,3164.726
img_00013.png,17,185.262,229.975,galaxy_like,78.040,5.310,3.776,38.924,9832.660
img_00013.png,18,223.273,153.932,star,147.477,1.822,1.684,12.493,2842.036
img_00013.png,19,280.967,259.608,star,95.736,1.936,2.123,97.255,2471.869
img_00013.png,20,114.297,174.554,galaxy_like,24.668,7.332,5.703,170.805,6480.883
img_00013.png,21,280.713,431.975,star,70.583,1.478,1.372,130.219,899.604
img_00013.png,22,77.675,53.318,star,40.511,1.316,1.224,152.697,409.855
img_00013.png,23,311.106,474.115,galaxy_like,73.657,4.329,3.012,37.757,6032.809
img_00013.png,24,153.310,216.168,star,114.436,2.037,2.278,159.508,3337.072
img_00013.png,25,200.040,124.720,star,78.010,1.247,1.320,150.623,807.383
img_00013.png,26,104.131,25.597,galaxy_like,49.308,6.395,5.225,160.065,10352.489
img_00013.png,27,325.064,373.205,star,112.930,1.452,1.441,151.307,1484.246
img_00013.png,28,104.540,316.059,galaxy_like,33.528,6.267,4.330,159.158,5717.486
img_00013.png,29,70.175,144.548,star,26.319,2.643,2.447,157.824,1069.314
img_00014.png,0,462.740,142.328,star,83.096,2.512,2.819,168.940,3696.954
img_00014.png,1,164.241,64.532,star,54.343,2.512,2.512,77.271,2154.483
img_00014.png,2,260.022,309.117,galaxy_like,93.133,3.915,1.971,158.304,4515.860
img_00014.png,3,338.754,450.659,star,46.386,1.821,1.990,44.812,1056.311
img_00014.png,4,118.061,438.445,star,54.499,2.443,2.566,167.989,2146.344
img_00014.png,5,279.959,467.080,star,73.892,2.273,2.011,168.310,2121.777
img_00014.png,6,107.405,321.606,star,75.373,2.043,2.279,129.863,2204.586
img_00014.png,7,227.928,185.296,star,96.931,1.497,1.348,54.994,1228.839
img_00014.png,8,172.160,69.421,star,48.690,1.875,1.778,13.718,1020.017
img_00014.png,9,166.631,363.969,galaxy_like,39.792,6.620,3.455,80.744,5718.204
img_00014.png,10,482.247,353.962,galaxy_like,29.757,3.899,1.858,131.268,1354.380
img_00014.png,11,66.620,412.893,star,53.568,1.524,1.571,62.719,805.706
img_00014.png,12,159.580,386.182,star,129.760,2.141,2.113,54.676,3688.103
img_00014.png,13,397.219,460.345,star,82.118,2.685,2.316,171.998,3208.996
img_00014.png,14,378.989,251.800,galaxy_like,44.978,3.043,1.733,75.997,1490.141
img_00014.png,15,308.444,254.693,star,118.070,1.336,1.230,66.817,1219.612
img_00014.png,16,427.125,139.757,galaxy_like,27.844,4.434,2.583,88.435,2003.705
img_00014.png,17,176.754,321.440,galaxy_like,41.433,5.050,3.944,78.764,5184.792
img_00014.png,18,380.715,387.413,star,152.828,1.418,1.446,69.567,1968.321
img_00014.png,19,52.868,407.683,galaxy_like,58.962,6.862,5.367,137.060,13643.379
img_00014.png,20,472.818,103.552,star,51.863,1.769,1.929,21.715,1111.847
img_00015.png,0,96.474,65.264,star,110.783,1.291,1.398,118.575,1256.319
img_00015.png,1,275.601,158.860,galaxy_like,93.183,3.810,1.401,71.860,3125.177
img_00015.png,2,225.924,369.336,star,153.817,1.993,2.285,162.373,4399.849
img_00015.png,3,199.667,243.509,star,153.437,1.651,1.652,32.320,2629.321
img_00015.png,4,398.053,116.925,galaxy_like,18.080,6.059,2.292,51.165,1577.430
img_00015.png,5,76.747,283.906,galaxy_like,41.495,3.940,2.597,170.257,2667.572
img_00015.png,6,485.153,359.968,star,107.477,1.820,1.911,39.297,2349.252
img_00015.png,7,83.669,277.498,star,85.430,1.630,1.863,42.451,1629.527
img_00015.png,8,40.243,96.570,galaxy_like,42.404,7.205,4.623,58.341,8875.440
img_00015.png,9,380.239,230.216,star,100.293,1.625,1.480,71.067,1515.747
img_00015.png,10,334.838,162.665,star,53.225,1.618,1.847,8.012,999.676
img_00015.png,11,300.620,151.384,star,150.841,1.786,1.567,123.606,2652.457
img_00015.png,12,128.703,247.331,galaxy_like,69.261,3.988,3.050,41.069,5293.205
img_00015.png,13,134.611,206.252,star,30.962,2.639,2.762,8.135,1417.688
img_00015.png,14,209.115,149.741,star,83.904,2.523,2.350,12.134,3126.045
img_00015.png,15,292.295,318.216,star,52.459,2.441,2.321,125.000,1867.846
img_00015.png,16,103.902,387.144,star,74.956,2.506,2.459,50.498,2903.040
img_00015.png,17,265.327,196.797,star,48.046,1.308,1.338,33.222,528.238
img_00015.png,18,436.968,131.118,star,148.528,1.760,1.981,95.904,3253.211
img_00015.png,19,47.677,448.457,star,108.388,1.659,1.576,96.118,1780.021
img_00015.png,20,62.510,210.005,star,103.175,1.568,1.441,19.943,1464.955
img_00015.png,21,303.764,375.961,star,98.662,2.249,2.560,81.148,3567.787
img_00016.png,0,255.969,58.522,galaxy_like,21.086,5.475,2.505,26.785,1816.716
img_00016.png,1,399.643,365.668,star,124.956,1.564,1.351,4.429,1659.781
img_00016.png,2,150.569,364.692,galaxy_like,53.925,3.254,2.587,148.692,2852.281
img_00016.png,3,212.594,299.604,galaxy_like,44.992,4.741,2.741,1.947,3673.123
img_00016.png,4,99.524,227.444,star,100.690,1.770,1.968,142.433,2203.717
img_00016.png,5,340.591,232.419,star,30.682,1.717,1.489,129.034,492.910
img_00016.png,6,477.821,465.755,star,133.333,2.587,2.853,158.190,6183.205
img_00016.png,7,202.357,372.220,star,118.141,2.138,2.385,96.383,3784.909
img_00016.png,8,296.690,153.046,galaxy_like,86.105,4.296,2.295,172.018,5333.542
img_00016.png,9,334.487,95.110,star,35.712,1.637,1.635,125.267,600.848
img_00016.png,10,296.384,386.218,star,25.446,2.229,2.297,167.959,818.332
img_00016.png,11,27.776,171.363,star,108.816,2.664,2.804,160.840,5106.981
img_00016.png,12,408.489,114.925,star,38.338,1.941,2.180,27.465,1019.162
img_00016.png,13,235.255,124.155,star,150.570,1.528,1.683,106.487,2432.363
img_00016.png,14,260.138,73.067,galaxy_like,93.162,7.569,5.643,74.897,25002.086
img_00016.png,15,313.048,387.923,star,84.041,2.396,2.547,176.122,3222.515
img_00016.png,16,397.772,380.311,galaxy_like,75.720,4.716,3.466,32.866,7776.736
img_00016.png,17,448.546,191.358,star,37.016,2.342,2.388,111.831,1300.533
img_00016.png,18,377.517,279.895,star,125.291,1.577,1.399,100.719,1736.757
img_00016.png,19,425.315,217.690,galaxy_like,85.172,6.423,3.074,85.508,10565.557
img_00016.png,20,197.694,251.809,star,86.919,2.622,2.915,11.289,4174.339
img_00016.png,21,237.601,185.076,star,159.790,1.471,1.350,74.868,1993.732
img_00016.png,22,202.628,402.910,galaxy_like,43.515,7.504,3.777,76.304,7750.233
img_00016.png,23,314.887,61.074,star,65.652,1.728,1.698,88.345,1210.041
img_00016.png,24,419.911,272.289,star,144.354,1.350,1.444,78.880,1768.424
img_00016.png,25,254.857,87.007,star,44.743,2.012,1.774,179.230,1003.530
img_00016.png,26,198.629,352.010,star,116.235,2.124,1.938,157.492,3006.025
img_00016.png,27,313.127,297.293,star,28.067,1.540,1.403,34.923,381.065
img_00016.png,28,25.851,326.435,star,122.883,1.475,1.637,23.016,1863.742
img_00016.png,29,403.050,410.487,star,146.691,1.418,1.461,66.935,1910.107
img_00016.png,30,397.296,271.044,star,134.306,1.527,1.493,66.386,1924.357
img_00016.png,31,356.824,36.624,star,115.245,2.464,2.562,78.950,4570.411
img_00016.png,32,69.137,168.426,star,119.666,2.654,2.810,117.028,5607.924
img_00016.png,33,362.822,147.583,star,26.422,2.585,2.926,44.342,1255.632
img_00017.png,0,371.199,396.082,star,117.658,2.278,2.233,95.998,3760.271
img_00017.png,1,172.425,180.430,galaxy_like,68.682,3.620,2.933,126.984,4580.945
img_00017.png,2,226.157,413.300,galaxy_like,46.178,6.964,3.477,27.709,7025.204
img_00017.png,3,226.871,243.152,star,44.054,1.502,1.696,35.238,705.084
img_00017.png,4,220.909,44.539,star,91.718,1.670,1.723,105.687,1658.304
img_00017.png,5,172.310,416.636,star,150.913,2.440,2.777,174.762,6425.392
img_00017.png,6,234.851,51.326,galaxy_like,97.466,5.792,4.645,147.475,16475.904
img_00017.png,7,399.778,149.498,star,151.313,1.739,1.952,147.067,3227.273
img_00017.png,8,227.319,79.789,star,127.300,1.302,1.145,41.156,1191.953
img_00017.png,9,92.360,224.760,star,131.181,1.321,1.146,89.145,1247.928
img_00017.png,10,440.923,273.515,galaxy_like,85.090,3.192,1.670,81.316,2850.144
img_00017.png,11,353.081,362.687,star,125.838,2.129,1.937,61.503,3260.529
img_00017.png,12,66.368,475.111,star,79.879,1.613,1.819,24.376,1472.745
img_00017.png,13,352.685,420.470,star,87.731,1.967,2.075,179.809,2249.962
img_00017.png,14,311.995,430.152,galaxy_like,23.648,7.330,4.070,17.600,4432.961
img_00017.png,15,192.562,476.474,star,89.757,1.320,1.302,31.477,969.181
img_00017.png,16,453.419,151.976,galaxy_like,28.527,3.119,2.328,28.573,1301.724
img_00017.png,17,309.127,185.836,galaxy_like,27.362,6.647,2.898,32.902,3311.566
img_00018.png,0,211.612,219.521,star,121.262,2.648,2.934,13.530,5918.213
img_00018.png,1,291.924,59.439,galaxy_like,98.493,3.602,1.612,37.263,3593.139
img_00018.png,2,484.391,37.108,galaxy_like,88.357,5.126,1.799,157.126,5120.698
img_00018.png,3,393.553,247.969,galaxy_like,50.280,7.418,4.800,52.653,11247.618
img_00018.png,4,330.310,160.002,galaxy_like,28.348,4.593,2.292,159.829,1875.091
img_00018.png,5,211.514,364.721,star,140.108,1.570,1.587,103.204,2193.519
img_00018.png,6,353.149,435.798,galaxy_like,45.231,6.152,2.557,143.643,4471.193
img_00018.png,7,452.006,409.324,star,98.948,2.053,1.944,143.703,2480.820
img_00018.png,8,352.655,306.888,star,45.245,2.630,2.557,11.766,1911.951
img_00018.png,9,235.668,370.588,galaxy_like,95.303,6.697,4.434,14.556,17780.702
img_00018.png,10,407.241,356.729,star,95.883,2.660,2.494,37.121,3997.011
img_00018.png,11,223.834,80.747,star,86.792,1.618,1.635,94.311,1442.575
img_00018.png,12,155.127,257.479,star,74.343,2.384,2.695,176.533,3001.200
img_00018.png,13,357.248,223.849,star,127.984,1.352,1.498,1.407,1629.314
img_00018.png,14,109.364,479.798,star,138.229,2.134,1.953,166.694,3620.631
img_00018.png,15,277.315,301.294,galaxy_like,25.014,6.193,3.565,156.512,3469.647
img_00018.png,16,421.394,133.005,star,146.702,1.500,1.632,166.677,2257.508
img_00018.png,17,138.349,300.746,star,87.582,2.322,2.359,12.188,3013.829
img_00019.png,0,434.179,263.890,star,106.733,1.586,1.512,139.939,1608.408
img_00019.png,1,309.873,445.283,galaxy_like,78.981,3.134,2.540,134.503,3949.262
img_00019.png,2,239.894,484.077,star,146.732,1.873,1.721,62.869,2972.120
img_00019.png,3,301.174,56.805,star,144.715,1.738,1.556,12.170,2458.627
img_00019.png,4,114.052,187.679,galaxy_like,86.077,3.014,1.905,40.850,3105.627
img_00019.png,5,235.127,271.306,star,45.188,1.456,1.595,36.680,659.481
img_00019.png,6,195.837,101.812,star,73.025,2.310,2.560,131.761,2714.190
img_00019.png,7,44.863,205.930,star,109.781,1.915,2.046,0.173,2703.169
img_00019.png,8,196.612,134.318,star,135.193,1.362,1.489,11.869,1721.935
img_00019.png,9,181.013,45.673,star,154.951,1.472,1.560,151.335,2236.195
img_00019.png,10,138.677,398.191,galaxy_like,56.306,7.716,3.155,159.780,8611.660
img_00019.png,11,206.196,242.965,galaxy_like,95.299,7.129,3.799,79.288,16215.691
img_00019.png,12,444.306,24.545,galaxy_like,21.414,3.716,2.409,37.527,1204.756
img_00019.png,13,232.639,229.926,star,116.749,1.208,1.032,169.000,914.522
img_00019.png,14,283.877,179.820,galaxy_like,81.593,6.703,3.198,39.414,10988.015
img_00019.png,15,272.895,207.100,star,31.432,2.580,2.723,32.526,1387.315
img_00019.png,16,228.536,193.506,star,44.932,2.598,2.530,121.560,1855.867
img_00019.png,17,409.158,358.401,star,154.514,2.383,2.445,14.461,5657.207
img_00019.png,18,94.861,245.131,galaxy_like,73.295,6.490,4.939,94.761,14762.058
img_00019.png,19,54.185,369.757,galaxy_like,94.104,3.358,1.982,82.847,3934.595
img_00019.png,20,299.543,436.629,star,44.132,1.974,1.853,114.424,1014.292
img_00019.png,21,229.713,466.851,galaxy_like,47.863,4.999,3.737,101.878,5617.780
img_00019.png,22,243.399,460.736,galaxy_like,30.396,6.710,5.485,111.378,7028.133
img_00019.png,23,183.288,334.369,star,114.537,2.622,2.786,62.070,5255.449
img_00020.png,0,138.318,155.390,star,41.085,2.156,2.379,53.458,1324.161
img_00020.png,1,295.532,51.507,star,145.545,1.665,1.661,3.902,2529.243
img_00020.png,2,75.759,131.046,star,74.374,1.765,1.687,63.395,1391.355
img_00020.png,3,414.911,334.872,star,55.837,1.645,1.775,22.703,1024.742
img_00020.png,4,368.663,171.722,star,127.358,2.454,2.169,28.382,4258.720
img_00020.png,5,346.030,420.029,galaxy_like,35.801,7.995,6.707,29.817,12062.400
img_00020.png,6,79.229,217.994,star,140.665,2.422,2.214,84.995,4738.345
img_00020.png,7,303.467,102.727,star,133.970,2.613,2.842,81.544,6252.000
img_00020.png,8,154.368,372.540,star,154.591,1.668,1.491,135.018,2415.114
img_00020.png,9,258.277,62.739,star,154.450,1.723,1.912,71.955,3196.604
img_00020.png,10,252.513,337.817,galaxy_like,52.750,3.230,2.384,126.621,2552.522
img_00020.png,11,138.483,441.317,star,37.391,1.524,1.402,6.072,502.251
img_00020.png,12,60.216,323.826,galaxy_like,95.795,5.660,3.520,140.238,11992.396
img_00020.png,13,415.353,183.969,star,30.414,2.454,2.258,33.438,1058.568
img_00020.png,14,262.721,257.768,star,137.470,1.809,1.974,19.494,3083.942
img_00020.png,15,114.030,208.361,galaxy_like,31.594,3.116,1.672,1.992,1034.618
img_00020.png,16,85.695,106.503,star,147.205,1.230,1.082,163.965,1230.723
img_00020.png,17,404.876,311.796,star,114.818,1.998,2.103,16.390,3030.444
img_00020.png,18,78.089,30.812,star,146.971,2.433,2.520,141.498,5663.046
img_00020.png,19,121.161,187.946,star,79.371,1.354,1.448,98.684,977.157
img_00020.png,20,438.604,209.062,star,65.369,2.651,2.541,129.694,2766.708
img_00020.png,21,326.770,28.072,star,148.904,2.113,2.368,145.448,4681.043
img_00020.png,22,320.110,337.336,star,84.307,2.046,1.831,78.469,1984.201
img_00020.png,23,186.119,296.756,star,87.116,2.213,2.157,33.688,2612.851
img_00020.png,24,188.835,418.245,star,119.094,2.572,2.242,79.305,4313.785
img_00020.png,25,366.561,344.560,star,95.869,2.011,2.252,53.369,2728.555
img_00020.png,26,248.950,277.201,star,113.536,2.437,2.430,146.418,4224.175
img_00020.png,27,447.863,31.313,galaxy_like,83.811,4.326,1.558,153.631,3548.619
img_00020.png,28,387.910,388.527,galaxy_like,42.204,6.894,4.787,75.196,8750.374
img_00020.png,29,401.801,347.894,star,107.544,2.488,2.549,155.895,4283.940
img_00020.png,30,55.866,195.987,star,125.220,2.031,2.203,61.925,3519.325
img_00020.png,31,140.145,423.892,star,35.225,2.552,2.399,146.372,1354.956
img_00021.png,0,196.586,448.821,star,27.630,1.263,1.347,29.472,295.361
img_00021.png,1,423.948,453.656,galaxy_like,75.555,4.420,3.459,144.331,7258.303
img_00021.png,2,427.572,460.157,star,69.504,1.546,1.738,35.092,1173.382
img_00021.png,3,406.810,464.608,star,34.713,2.103,2.416,175.973,1108.005
img_00021.png,4,156.998,348.508,star,45.467,2.140,2.288,66.541,1399.030
img_00021.png,5,135.572,186.063,star,61.948,2.495,2.710,17.424,2631.416
img_00021.png,6,463.835,371.988,galaxy_like,43.738,4.962,3.348,31.334,4565.418
img_00021.png,7,131.268,415.464,star,157.677,2.700,2.722,141.419,7279.853
img_00021.png,8,478.913,458.650,galaxy_like,79.855,6.117,2.791,34.413,8565.347
img_00021.png,9,370.185,415.213,star,74.134,1.813,1.690,35.954,1427.463
img_00021.png,10,146.367,86.586,star,119.697,2.617,2.668,120.799,5251.610
img_00021.png,11,94.002,88.082,galaxy_like,35.429,5.686,3.831,12.484,4848.795
img_00021.png,12,255.975,437.790,galaxy_like,96.748,4.871,2.467,84.254,7304.817
img_00021.png,13,246.654,380.720,star,115.847,2.315,2.116,70.018,3565.607
img_00021.png,14,305.450,227.530,galaxy_like,36.788,3.632,2.091,36.826,1755.771
img_00021.png,15,348.137,134.886,star,103.867,2.242,2.311,94.934,3381.585
img_00021.png,16,193.468,358.788,star,40.205,1.215,1.190,22.284,365.213
img_00021.png,17,105.526,222.551,galaxy_like,39.260,6.744,3.437,61.845,5717.516
img_00021.png,18,390.529,417.531,star,61.295,2.692,2.444,104.694,2533.535
img_00021.png,19,361.497,174.307,galaxy_like,89.189,6.942,5.479,84.681,21311.398
img_00021.png,20,448.032,57.834,galaxy_like,35.428,7.532,3.515,121.909,5893.650
img_00021.png,21,364.261,386.762,galaxy_like,97.222,4.718,1.734,107.754,4998.764
img_00021.png,22,85.994,248.997,galaxy_like,97.111,5.370,2.758,2.200,9037.426
img_00021.png,23,405.286,316.619,star,60.576,1.289,1.386,132.280,679.847
img_00021.png,24,366.822,394.485,galaxy_like,59.720,4.766,3.095,106.751,5535.786
img_00022.png,0,395.248,89.859,star,43.551,2.566,2.728,139.095,1915.515
img_00022.png,1,443.466,122.124,galaxy_like,89.384,3.595,2.263,91.394,4567.918
img_00022.png,2,367.501,419.037,galaxy_like,42.331,4.827,1.736,2.862,2228.709
img_00022.png,3,484.640,43.041,galaxy_like,25.348,4.603,2.370,105.181,1737.572
img_00022.png,4,344.738,363.104,galaxy_like,77.319,7.158,2.887,30.229,10039.715
img_00022.png,5,65.856,258.164,galaxy_like,27.576,7.969,3.591,103.186,4958.929
img_00022.png,6,239.405,209.869,galaxy_like,94.545,7.155,5.342,150.921,22707.476
img_00022.png,7,231.879,81.451,star,97.646,1.578,1.552,9.772,1502.142
img_00023.png,0,359.711,450.857,galaxy_like,80.651,3.256,2.256,20.605,3722.654
img_00023.png,1,415.191,311.324,star,75.637,1.979,2.211,81.264,2078.895
img_00023.png,2,418.286,360.286,star,104.448,2.596,2.367,136.375,4032.265
img_00023.png,3,244.723,381.821,star,70.467,2.459,2.500,125.139,2721.431
img_00023.png,4,178.415,443.521,star,46.866,2.358,2.450,86.735,1701.288
img_00023.png,5,188.186,250.489,galaxy_like,88.776,6.213,5.232,158.490,18133.051
img_00023.png,6,44.799,246.079,star,66.613,1.941,1.990,37.369,1616.695
img_00023.png,7,310.137,154.887,star,74.828,2.149,1.966,89.004,1986.920
img_00023.png,8,271.519,384.502,star,75.123,2.351,2.518,8.192,2794.213
img_00023.png,9,148.943,46.860,star,86.352,2.407,2.562,65.497,3345.846
img_00023.png,10,229.854,440.088,star,99.785,1.896,2.073,41.460,2464.540
img_00023.png,11,356.982,89.158,star,157.455,1.547,1.733,99.958,2653.485
img_00023.png,12,28.098,97.643,star,149.050,1.448,1.525,173.645,2068.042
img_00024.png,0,322.920,57.033,star,114.465,2.536,2.254,168.697,4109.954
img_00024.png,1,212.462,395.741,star,39.860,1.655,1.758,126.909,728.930
img_00024.png,2,242.032,120.866,galaxy_like,73.251,5.787,4.467,5.212,11898.036
img_00024.png,3,261.189,299.932,galaxy_like,81.841,4.892,3.816,179.064,9600.427
img_00024.png,4,331.390,322.539,star,93.539,1.322,1.167,176.447,907.346
img_00024.png,5,249.686,396.063,galaxy_like,35.367,5.416,3.585,102.571,4314.832
img_00024.png,6,469.006,207.446,galaxy_like,97.799,4.351,3.487,164.564,9324.464
img_00024.png,7,298.549,417.704,galaxy_like,25.324,6.706,3.002,1.934,3202.973
img_00024.png,8,154.164,461.702,star,139.516,1.728,1.921,29.355,2910.037
img_00024.png,9,212.464,77.890,star,91.724,1.575,1.435,3.705,1303.080
img_00024.png,10,182.224,239.206,star,74.256,1.949,1.737,22.244,1579.412
img_00024.png,11,412.500,64.197,galaxy_like,75.033,6.151,4.167,147.227,12085.754
img_00024.png,12,114.527,312.906,star,48.861,2.676,2.514,131.475,2065.794
img_00025.png,0,28.618,480.110,star,54.702,1.732,1.719,82.704,1023.238
img_00025.png,1,295.817,377.145,galaxy_like,90.160,5.231,3.155,148.873,9347.589
img_00025.png,2,277.559,179.926,star,34.179,1.778,1.653,94.124,630.999
img_00025.png,3,467.371,434.142,star,53.551,2.480,2.670,55.674,2228.041
img_00025.png,4,298.201,341.061,star,115.299,2.350,2.694,59.484,4587.122
img_00025.png,5,118.789,219.122,star,56.175,1.498,1.333,104.170,704.766
img_00025.png,6,196.564,394.202,star,91.121,1.558,1.670,150.727,1490.017
img_00025.png,7,459.349,353.259,star,73.038,1.745,1.608,33.686,1287.860
img_00025.png,8,370.986,447.973,star,137.049,2.286,2.000,38.475,3938.263
img_00025.png,9,394.630,390.004,galaxy_like,92.332,7.417,5.223,52.738,22472.158
img_00025.png,10,362.535,41.258,star,96.691,2.451,2.476,140.503,3686.773
img_00025.png,11,25.439,61.532,star,32.333,1.464,1.354,97.617,402.697
img_00025.png,12,165.337,198.997,star,46.747,2.430,2.220,32.908,1584.682
img_00025.png,13,487.537,253.423,star,65.374,2.144,1.884,125.447,1658.779
img_00025.png,14,340.246,434.559,star,105.371,1.217,1.144,132.301,921.538
img_00025.png,15,110.186,475.680,galaxy_like,62.978,3.957,2.850,68.571,4461.854
img_00025.png,16,259.084,311.230,star,49.824,2.683,2.504,126.752,2103.467
img_00025.png,17,386.062,466.951,star,92.929,1.835,1.601,72.391,1715.092
img_00025.png,18,256.319,297.770,star,136.287,2.596,2.961,24.637,6582.991
img_00025.png,19,428.856,196.406,galaxy_like,51.376,7.739,4.955,76.671,12378.798
img_00025.png,20,92.516,223.107,star,34.233,1.567,1.407,58.922,474.211
img_00025.png,21,238.514,289.338,galaxy_like,20.461,7.248,4.788,100.968,4461.639
img_00025.png,22,380.079,148.963,star,101.077,2.514,2.325,127.982,3711.584
img_00025.png,23,477.700,133.331,star,133.512,2.681,2.403,167.374,5404.128
img_00026.png,0,430.311,29.114,star,149.443,1.676,1.670,38.214,2627.661
img_00026.png,1,478.087,33.538,galaxy_like,58.442,3.495,1.690,76.153,2169.294
img_00026.png,2,368.772,457.410,star,153.031,1.835,1.641,110.443,2894.834
img_00026.png,3,435.798,357.787,star,105.673,2.359,2.237,138.921,3503.999
img_00026.png,4,417.163,219.116,star,45.629,2.478,2.634,19.779,1871.493
img_00026.png,5,143.785,353.406,galaxy_like,53.583,7.886,2.881,153.214,7649.203
img_00026.png,6,45.077,200.277,star,40.951,1.583,1.626,50.806,662.505
img_00026.png,7,177.612,341.723,galaxy_like,61.969,5.869,2.602,9.474,5946.362
img_00026.png,8,180.199,394.377,star,29.766,2.462,2.199,40.742,1012.652
img_00026.png,9,349.410,445.656,galaxy_like,89.853,5.405,3.915,59.220,11946.622
img_00026.png,10,307.583,416.219,star,104.617,2.069,1.812,159.965,2464.191
img_00026.png,11,47.898,293.716,star,97.638,1.232,1.183,144.842,893.874
img_00026.png,12,352.837,35.817,star,80.417,1.827,1.873,16.445,1729.197
img_00026.png,13,62.479,244.703,star,134.629,2.195,2.451,11.759,4550.592
img_00026.png,14,338.442,366.295,star,88.450,2.589,2.897,174.138,4166.941
img_00027.png,0,390.476,69.111,star,136.739,2.424,2.262,173.600,4711.092
img_00027.png,1,336.144,152.491,star,108.604,2.521,2.445,59.928,4206.012
img_00027.png,2,233.182,225.090,star,32.192,2.603,2.282,105.525,1201.411
img_00027.png,3,236.495,73.272,star,127.305,1.472,1.522,161.595,1792.013
img_00027.png,4,46.304,328.116,galaxy_like,81.411,4.947,3.969,73.264,10043.725
img_00027.png,5,370.280,312.292,star,138.369,2.076,2.308,6.462,4165.925
img_00027.png,6,355.803,352.122,galaxy_like,23.695,3.557,2.792,101.506,1478.427
img_00027.png,7,199.600,170.281,star,132.273,2.624,2.423,21.920,5284.388
img_00027.png,8,289.778,92.871,star,36.550,1.948,1.815,60.334,812.026
img_00028.png,0,105.407,310.621,star,53.080,1.962,1.708,149.069,1117.512
img_00028.png,1,330.686,210.359,galaxy_like,25.666,5.732,2.388,48.810,2207.393
img_00028.png,2,123.713,71.217,star,153.295,1.745,1.726,77.556,2901.399
img_00028.png,3,401.597,456.713,star,85.850,1.583,1.519,144.262,1296.667
img_00028.png,4,238.441,284.325,galaxy_like,97.701,3.339,1.754,164.568,3596.505
img_00028.png,5,165.562,395.323,galaxy_like,85.648,4.514,3.557,168.330,8639.007
img_00028.png,6,144.987,400.320,galaxy_like,51.404,3.035,1.507,18.606,1477.394
img_00028.png,7,328.841,37.144,star,42.396,2.262,2.139,38.975,1289.332
img_00028.png,8,146.373,75.142,star,71.044,2.124,2.234,165.460,2118.103
img_00028.png,9,236.247,437.283,star,123.878,2.461,2.404,29.804,4604.919
img_00028.png,10,479.753,389.406,galaxy_like,49.778,5.969,3.179,110.449,5934.706
img_00028.png,11,247.419,292.941,galaxy_like,83.073,3.993,2.046,112.280,4264.191
img_00028.png,12,389.528,347.633,star,126.577,1.996,2.280,11.671,3619.038
img_00028.png,13,457.747,360.666,star,144.539,1.950,2.140,44.029,3790.788
img_00028.png,14,61.691,449.058,star,26.187,1.224,1.137,141.697,228.938
img_00028.png,15,179.237,82.454,galaxy_like,74.531,6.407,4.133,88.598,12400.655
img_00028.png,16,448.674,444.569,star,152.910,1.415,1.332,79.239,1811.622
img_00028.png,17,126.777,222.251,star,30.268,1.975,2.012,130.378,755.785
img_00029.png,0,169.836,191.538,star,79.728,1.704,1.785,26.535,1523.015
img_00029.png,1,397.472,101.550,star,66.409,1.657,1.855,48.081,1282.647
img_00029.png,2,217.547,356.864,galaxy_like,60.770,3.151,2.082,124.746,2504.854
img_00029.png,3,344.422,257.577,star,151.199,1.802,1.969,146.332,3371.065
img_00029.png,4,465.736,217.292,star,116.950,1.499,1.415,78.843,1558.233
img_00029.png,5,181.261,147.628,galaxy_like,18.836,5.665,2.283,122.161,1530.406
img_00029.png,6,133.242,294.474,star,26.647,1.820,1.800,10.779,548.653
img_00029.png,7,253.085,168.435,star,59.462,1.369,1.371,56.065,701.297
img_00029.png,8,225.142,330.348,star,141.743,1.783,1.975,60.677,3136.019
img_00029.png,9,65.905,104.762,star,53.506,1.648,1.827,165.440,1012.076
img_00029.png,10,171.474,348.092,galaxy_like,81.206,5.122,2.627,9.049,6865.112
img_00029.png,11,287.556,294.342,star,52.371,2.373,2.470,11.931,1928.909
img_00029.png,12,87.315,221.454,galaxy_like,83.862,7.205,2.534,130.876,9620.185
img_00029.png,13,360.484,317.103,star,72.211,1.977,1.904,93.641,1708.294
img_00029.png,14,429.220,118.254,star,27.812,2.177,2.195,114.434,835.221
img_00029.png,15,201.708,437.318,star,56.906,2.432,2.376,82.428,2066.533
img_00029.png,16,36.741,212.697,star,150.485,2.656,2.803,178.344,7037.587
img_00029.png,17,91.333,85.303,star,77.505,1.747,1.988,162.958,1691.005
img_00029.png,18,38.953,322.165,galaxy_like,88.468,3.496,2.322,109.727,4512.311
img_00029.png,19,376.594,124.316,star,133.654,1.333,1.363,40.377,1525.016
img_00029.png,20,364.857,206.906,star,47.638,2.386,2.214,4.302,1580.938
img_00029.png,21,57.004,63.901,star,56.603,1.951,2.003,57.077,1389.862
img_00029.png,22,181.799,438.509,galaxy_like,74.489,7.547,3.590,94.686,12682.325
img_00029.png,23,104.262,420.956,star,98.815,2.260,2.318,94.545,3253.183
img_00029.png,24,455.878,120.360,galaxy_like,44.496,3.564,1.623,1.608,1617.322
img_00029.png,25,291.032,96.965,star,50.458,2.344,2.567,0.253,1907.534
img_00030.png,0,168.001,249.282,galaxy_like,24.183,5.587,2.314,141.485,1964.749
img_00030.png,1,340.802,190.154,galaxy_like,97.275,3.911,1.772,97.602,4236.558
img_00030.png,2,304.635,242.615,star,28.725,1.226,1.315,71.440,290.905
img_00030.png,3,69.376,313.273,star,72.797,1.264,1.346,133.540,778.475
img_00030.png,4,86.566,331.721,galaxy_like,62.607,7.754,3.904,105.051,11907.390
img_00030.png,5,101.906,268.802,star,152.535,1.906,1.749,179.625,3194.209
img_00030.png,6,305.534,387.774,galaxy_like,75.682,4.175,2.358,80.225,4681.226
img_00030.png,7,52.042,330.168,star,129.007,2.442,2.224,99.997,4401.968
img_00030.png,8,420.045,429.397,galaxy_like,33.765,6.203,3.255,68.305,4283.510
img_00030.png,9,347.430,424.854,star,53.804,2.635,2.473,151.731,2202.638
img_00030.png,10,426.196,413.963,star,95.159,2.591,2.568,77.373,3978.094
img_00030.png,11,457.806,317.123,star,117.547,2.624,2.277,31.127,4412.995
img_00030.png,12,85.108,56.839,galaxy_like,45.578,7.925,4.928,158.619,11183.004
img_00030.png,13,153.749,112.039,star,114.765,1.702,1.656,8.665,2032.626
img_00030.png,14,394.377,387.962,star,140.422,1.340,1.476,83.039,1744.568
img_00030.png,15,251.211,474.580,star,120.615,2.327,1.991,148.924,3511.147
img_00030.png,16,425.101,378.252,star,31.306,1.239,1.084,89.175,264.118
img_00030.png,17,432.212,159.593,star,63.627,2.100,2.165,63.193,1817.556
img_00030.png,18,58.131,213.874,star,97.383,2.556,2.646,44.846,4138.854
img_00030.png,19,309.536,138.457,star,37.338,1.450,1.473,58.815,501.110
img_00030.png,20,227.012,259.738,galaxy_like,20.150,6.133,4.727,90.445,3670.716
img_00030.png,21,263.275,140.167,star,77.914,2.114,2.020,71.080,2090.431
img_00030.png,22,396.617,411.492,galaxy_like,65.880,7.820,3.022,22.359,9781.447
img_00031.png,0,384.309,218.853,star,100.883,2.096,2.283,140.015,3032.341
img_00031.png,1,472.925,485.746,star,57.568,2.403,2.386,130.892,2074.084
img_00031.png,2,427.657,426.066,star,76.292,1.211,1.132,106.823,656.802
img_00031.png,3,436.002,338.015,galaxy_like,76.344,4.012,1.584,166.830,3048.593
img_00031.png,4,305.954,342.309,star,87.085,2.648,2.435,49.906,3528.946
img_00031.png,5,355.912,393.007,star,64.918,2.443,2.517,144.091,2507.691
img_00031.png,6,261.321,73.491,star,94.647,2.408,2.754,125.147,3944.122
img_00031.png,7,397.627,219.393,star,128.103,2.033,2.292,81.112,3751.236
img_00031.png,8,410.403,450.263,star,51.611,1.227,1.183,4.068,470.765
img_00031.png,9,441.491,201.676,galaxy_like,49.929,4.751,3.505,139.057,5223.920
img_00031.png,10,74.185,305.845,galaxy_like,76.102,4.585,1.873,43.687,4105.997
img_00031.png,11,197.078,293.260,star,93.729,2.317,2.295,25.831,3131.503
img_00031.png,12,428.001,378.450,star,112.519,1.409,1.567,54.392,1560.838
img_00031.png,13,97.627,45.470,star,41.924,1.367,1.351,34.513,486.721
img_00031.png,14,410.335,314.913,galaxy_like,33.270,6.344,4.650,24.679,6167.119
img_00031.png,15,361.438,468.447,galaxy_like,86.620,4.827,3.207,161.166,8425.616
img_00031.png,16,429.625,348.345,galaxy_like,87.726,3.935,1.904,101.614,4129.475
img_00032.png,0,339.060,36.574,star,44.732,2.123,2.294,30.324,1368.697
img_00032.png,1,307.592,221.014,galaxy_like,57.980,3.889,2.279,90.136,3229.142
img_00032.png,2,89.415,28.034,galaxy_like,71.992,4.209,1.842,156.298,3508.239
img_00032.png,3,127.666,292.997,star,34.812,1.796,1.905,153.806,748.239
img_00032.png,4,371.417,362.394,star,103.102,1.341,1.422,18.892,1234.906
img_00032.png,5,243.772,65.945,star,148.206,1.974,2.077,169.017,3819.043
img_00032.png,6,356.370,392.590,star,29.288,2.040,2.042,83.841,766.773
img_00032.png,7,392.619,415.927,star,69.508,1.909,1.777,137.911,1481.682
img_00032.png,8,184.048,391.519,galaxy_like,26.130,5.327,3.385,159.865,2960.664
img_00032.png,9,359.663,206.205,star,32.304,2.409,2.386,59.016,1166.615
img_00032.png,10,196.458,482.970,galaxy_like,44.936,7.606,5.312,71.673,11404.996
img_00032.png,11,280.765,218.028,galaxy_like,75.300,7.721,3.792,127.080,13853.561
img_00032.png,12,373.777,213.359,star,117.638,1.600,1.397,86.801,1651.342
img_00032.png,13,265.014,327.759,star,46.838,1.664,1.480,114.063,724.614
img_00032.png,14,460.484,432.374,star,117.745,1.538,1.757,121.201,1999.351
img_00032.png,15,49.999,259.135,star,80.727,2.547,2.240,29.889,2894.004
img_00032.png,16,38.439,195.225,star,137.805,2.527,2.295,82.241,5020.656
img_00032.png,17,397.572,223.711,star,78.576,1.620,1.804,158.330,1442.495
img_00032.png,18,444.823,384.419,star,152.078,1.645,1.729,48.244,2718.506
img_00032.png,19,126.861,406.805,star,53.031,2.032,1.770,170.723,1198.950
img_00032.png,20,41.570,447.260,star,48.654,2.208,2.185,92.392,1474.410
img_00032.png,21,461.039,197.195,star,100.023,2.370,2.431,60.176,3622.075
img_00032.png,22,227.377,179.644,star,41.630,2.111,1.920,80.185,1060.126
img_00032.png,23,340.872,469.598,galaxy_like,19.211,7.377,3.679,112.134,3276.262
img_00032.png,24,338.218,208.619,star,106.049,2.553,2.817,143.450,4791.322
img_00032.png,25,360.851,92.966,star,60.086,1.314,1.353,91.893,671.084
img_00032.png,26,306.364,171.309,star,73.493,1.315,1.275,26.435,774.000
img_00032.png,27,403.301,407.645,star,36.553,1.553,1.380,16.086,492.040
img_00032.png,28,383.175,463.016,star,107.212,2.561,2.877,41.322,4964.231
img_00032.png,29,190.617,257.658,star,50.856,2.377,2.323,130.154,1764.499
img_00032.png,30,351.495,205.022,star,95.828,2.413,2.219,84.794,3224.792
img_00032.png,31,349.710,457.574,star,50.571,2.247,1.981,109.885,1414.433
img_00032.png,32,233.802,100.799,star,87.413,1.730,1.858,127.419,1765.125
img_00033.png,0,319.725,42.447,galaxy_like,95.464,6.324,2.968,148.435,11258.258
img_00033.png,1,254.838,65.950,galaxy_like,19.129,5.390,2.817,161.064,1825.136
img_00033.png,2,132.292,224.664,star,37.739,1.386,1.485,118.448,488.223
img_00033.png,3,455.278,393.089,galaxy_like,98.452,6.190,4.266,165.585,16333.240
img_00033.png,4,192.573,187.874,star,83.332,1.297,1.227,139.083,832.812
img_00033.png,5,214.609,112.167,star,139.115,2.061,1.861,120.818,3353.752
img_00033.png,6,404.710,138.400,star,75.670,1.746,1.624,21.759,1347.411
img_00033.png,7,202.866,191.209,star,58.674,2.314,1.988,21.454,1695.986
img_00033.png,8,382.506,104.031,star,117.659,2.040,1.985,19.956,2994.279
img_00033.png,9,62.351,375.340,star,102.608,2.000,2.196,84.067,2830.562
img_00033.png,10,366.796,431.050,galaxy_like,73.413,5.040,2.571,129.505,5976.115
img_00033.png,11,52.947,292.397,galaxy_like,56.027,7.809,5.973,177.227,16419.450
img_00033.png,12,385.610,363.353,galaxy_like,72.297,4.410,1.816,122.968,3637.557
img_00033.png,13,261.797,101.437,galaxy_like,38.106,7.750,4.565,65.335,8470.488
img_00033.png,14,455.049,455.736,galaxy_like,46.548,6.978,5.085,58.653,10377.377
img_00033.png,15,471.119,310.949,star,139.233,2.262,2.364,169.362,4679.119
img_00033.png,16,111.251,169.426,star,108.739,1.494,1.468,40.055,1498.072
img_00033.png,17,183.111,110.802,star,57.476,1.775,1.829,112.466,1172.528
img_00033.png,18,473.966,473.163,galaxy_like,47.215,3.830,2.246,70.798,2552.640
img_00034.png,0,125.298,26.124,galaxy_like,89.130,4.188,2.176,66.351,5103.560
img_00034.png,1,352.046,332.075,star,61.989,2.371,2.284,75.884,2108.939
img_00034.png,2,231.053,329.237,star,32.953,2.168,2.221,26.911,997.261
img_00034.png,3,331.750,436.983,star,42.841,1.295,1.475,176.006,514.207
img_00034.png,4,272.110,35.475,star,62.271,2.181,2.394,160.335,2043.080
img_00034.png,5,58.979,194.227,galaxy_like,55.260,4.812,2.379,87.252,3975.267
img_00034.png,6,54.854,458.883,star,103.151,1.343,1.294,24.051,1125.907
img_00034.png,7,89.384,468.010,star,77.230,1.272,1.219,47.314,751.987
img_00034.png,8,200.195,351.408,galaxy_like,51.379,3.881,2.367,30.371,2966.499
img_00034.png,9,84.677,178.200,star,44.437,2.623,2.640,117.085,1933.303
img_00034.png,10,206.782,408.888,star,40.775,1.574,1.491,177.485,601.149
img_00034.png,11,37.025,168.932,star,63.277,2.124,1.897,159.118,1601.632
img_00034.png,12,473.791,160.052,star,61.694,1.610,1.498,29.975,934.613
img_00034.png,13,234.106,220.626,galaxy_like,67.948,6.925,3.038,156.628,8980.382
img_00034.png,14,388.315,393.162,star,153.120,2.188,1.994,41.026,4197.528
img_00034.png,15,249.317,269.062,star,40.677,2.497,2.790,143.433,1780.160
img_00034.png,16,105.658,429.577,star,140.654,2.541,2.733,115.386,6137.217
img_00034.png,17,133.114,390.203,star,27.900,1.455,1.346,32.351,343.142
img_00034.png,18,399.008,278.581,star,58.688,2.383,2.493,62.839,2190.650
img_00034.png,19,318.222,353.212,star,150.356,1.474,1.594,121.294,2219.762
img_00034.png,20,34.189,387.317,star,94.056,1.885,1.672,165.689,1862.447
img_00034.png,21,272.830,449.428,galaxy_like,75.029,5.863,4.882,47.024,13492.912
img_00034.png,22,169.420,322.654,star,124.870,1.318,1.239,143.849,1281.053
img_00034.png,23,365.243,422.839,galaxy_like,21.020,4.040,1.925,43.538,1027.219
img_00034.png,24,95.136,483.025,galaxy_like,99.179,7.728,5.184,136.295,24963.469
img_00034.png,25,287.079,356.421,star,32.610,2.680,2.558,147.284,1404.729
img_00034.png,26,237.361,48.033,galaxy_like,47.132,3.059,1.580,0.660,1431.473
img_00034.png,27,291.367,150.724,star,117.569,1.480,1.530,160.357,1672.720
img_00034.png,28,54.371,398.529,star,25.614,2.031,2.168,30.122,708.730
img_00034.png,29,458.444,134.934,star,30.115,2.630,2.414,53.072,1201.312
img_00034.png,30,136.738,125.205,star,158.919,1.804,1.602,53.666,2884.762
img_00034.png,31,415.321,37.438,star,58.396,2.083,2.198,67.272,1680.112
img_00035.png,0,85.126,221.934,star,141.533,1.883,1.803,29.729,3019.279
img_00035.png,1,82.895,431.790,galaxy_like,64.054,4.906,1.834,145.072,3620.920
img_00035.png,2,47.650,440.843,star,31.224,2.383,2.645,76.295,1236.298
img_00035.png,3,47.184,390.329,star,65.224,2.535,2.583,42.467,2683.408
img_00035.png,4,140.275,171.570,star,33.906,2.677,2.952,177.453,1683.661
img_00035.png,5,189.240,454.685,star,90.788,1.342,1.473,23.770,1128.047
img_00035.png,6,209.705,262.690,star,63.129,2.263,2.199,44.530,1973.346
img_00035.png,7,402.802,44.489,star,136.784,1.486,1.414,37.630,1806.577
img_00035.png,8,319.911,414.708,star,46.430,1.912,1.669,76.741,930.985
img_00035.png,9,215.384,103.311,galaxy_like,66.748,7.200,5.258,159.181,15877.023
img_00035.png,10,203.135,58.244,star,123.267,2.099,2.320,131.299,3771.165
img_00035.png,11,24.450,231.054,star,55.436,1.662,1.464,72.587,847.451
img_00035.png,12,140.592,38.289,star,28.970,1.960,1.827,47.314,651.551
img_00035.png,13,135.944,162.576,galaxy_like,20.464,5.939,2.613,139.480,1995.616
img_00035.png,14,225.080,322.683,star,101.364,2.023,2.001,135.600,2578.342
img_00035.png,15,336.047,452.074,galaxy_like,97.787,6.631,4.716,145.119,19212.978
img_00035.png,16,47.009,146.220,star,83.094,1.973,1.959,70.980,2017.306
img_00035.png,17,44.444,34.290,star,152.502,2.090,1.816,166.792,3636.618
img_00035.png,18,365.683,356.939,galaxy_like,47.575,4.868,3.403,40.025,4951.673
img_00035.png,19,61.077,207.386,star,152.179,1.262,1.198,46.453,1445.322
img_00036.png,0,183.148,428.074,star,36.238,1.987,1.841,151.261,832.844
img_00036.png,1,398.604,206.619,star,95.933,1.524,1.613,53.114,1482.083
img_00036.png,2,319.481,78.806,star,86.136,2.006,2.136,67.986,2319.357
img_00036.png,3,253.236,77.658,star,150.278,1.827,1.731,138.062,2984.768
img_00036.png,4,57.834,43.108,galaxy_like,19.279,7.492,5.305,177.895,4814.378
img_00036.png,5,147.476,159.210,galaxy_like,96.992,7.317,5.484,39.596,24455.002
img_00036.png,6,91.028,324.367,galaxy_like,24.835,7.728,3.160,151.139,3810.818
img_00036.png,7,98.371,445.615,galaxy_like,58.222,7.888,5.233,33.131,15099.273
img_00036.png,8,84.409,472.151,star,115.734,2.529,2.475,72.899,4550.118
img_00036.png,9,102.634,365.087,star,41.194,2.021,2.084,69.854,1090.155
img_00036.png,10,24.662,166.071,star,30.645,2.009,1.906,22.844,737.062
img_00036.png,11,336.172,64.876,galaxy_like,26.137,3.976,1.504,81.361,982.033
img_00036.png,12,340.105,208.100,galaxy_like,51.820,3.891,2.129,148.279,2697.364
img_00036.png,13,229.677,441.622,star,54.646,1.993,1.969,114.969,1347.440
img_00036.png,14,118.040,335.366,star,64.945,2.473,2.359,155.043,2381.206
img_00036.png,15,436.246,33.010,star,82.996,1.968,2.141,140.475,2197.306
img_00037.png,0,133.071,153.092,star,133.415,1.521,1.462,8.148,1863.254
img_00037.png,1,162.184,136.608,star,140.886,1.725,1.639,62.764,2502.082
img_00037.png,2,105.514,310.665,star,26.715,1.492,1.466,156.151,367.161
img_00037.png,3,296.299,227.937,star,79.058,2.282,2.581,88.796,2925.102
img_00037.png,4,238.808,192.151,star,148.889,1.448,1.404,121.171,1902.758
img_00037.png,5,68.330,305.615,star,114.142,2.430,2.361,21.128,4114.185
img_00037.png,6,118.867,99.181,star,93.583,1.637,1.566,32.605,1507.128
img_00037.png,7,443.312,263.551,star,57.340,1.313,1.156,141.097,547.014
img_00037.png,8,117.027,241.707,galaxy_like,19.744,3.224,1.260,154.617,504.053
img_00038.png,0,473.370,299.866,star,84.851,1.429,1.507,177.516,1148.398
img_00038.png,1,166.768,435.092,star,79.743,2.672,3.032,5.759,4058.741
img_00038.png,2,184.514,206.524,star,131.126,1.324,1.351,141.250,1473.442
img_00038.png,3,284.198,393.637,star,69.813,1.789,1.831,169.111,1437.143
img_00038.png,4,278.789,217.430,star,142.294,2.354,2.048,37.424,4311.551
img_00038.png,5,295.484,236.487,star,39.788,1.203,1.146,149.636,344.639
img_00038.png,6,336.172,234.596,star,142.833,1.418,1.495,154.380,1902.764
img_00038.png,7,362.741,104.112,galaxy_like,33.287,3.652,2.697,45.511,2060.513
img_00038.png,8,96.907,463.697,star,150.561,1.592,1.652,58.845,2486.670
img_00038.png,9,247.836,182.528,galaxy_like,20.868,4.247,3.164,6.112,1761.960
img_00038.png,10,89.497,402.376,galaxy_like,93.491,7.441,5.560,31.938,24304.981
img_00038.png,11,473.216,80.405,galaxy_like,62.411,6.123,3.375,109.361,8104.711
img_00038.png,12,456.668,96.558,star,38.696,1.853,2.043,72.446,920.553
img_00038.png,13,82.821,483.421,star,97.530,2.682,2.327,135.364,3823.442
img_00038.png,14,464.566,219.372,galaxy_like,55.817,7.856,4.079,12.313,11237.321
img_00038.png,15,457.488,277.155,star,138.481,1.242,1.340,97.727,1448.753
img_00038.png,16,173.594,60.390,star,98.561,1.547,1.380,20.789,1321.704
img_00038.png,17,329.910,233.000,star,117.339,2.051,2.007,137.697,3034.488
img_00038.png,18,75.185,32.570,galaxy_like,26.017,5.817,2.637,71.056,2507.376
img_00038.png,19,24.081,430.448,star,114.284,2.065,2.035,63.476,3016.300
img_00038.png,20,119.612,372.417,star,97.867,1.656,1.794,49.512,1825.985
img_00038.png,21,70.668,444.704,galaxy_like,22.684,5.594,3.012,71.386,2401.839
img_00038.png,22,293.069,198.983,star,80.533,1.664,1.493,27.283,1256.467
img_00038.png,23,143.776,125.447,star,135.398,1.522,1.662,150.194,2151.625
img_00038.png,24,297.809,25.560,star,98.633,1.955,2.084,20.367,2525.413
img_00038.png,25,210.887,177.584,star,77.826,2.345,2.350,64.029,2694.825
img_00038.png,26,313.928,36.239,star,148.620,1.883,1.864,178.972,3278.625
img_00038.png,27,277.343,453.601,star,118.163,2.581,2.426,4.626,4648.921
img_00038.png,28,150.077,181.565,star,31.233,1.242,1.419,140.581,346.016
img_00038.png,29,221.996,221.597,star,80.793,1.862,1.954,126.769,1846.422
img_00039.png,0,282.760,466.808,galaxy_like,39.073,4.956,2.788,25.685,3391.764
img_00039.png,1,381.530,144.200,star,108.556,1.950,1.866,52.978,2481.774
img_00039.png,2,117.996,406.745,star,80.878,2.619,2.507,173.346,3335.632
img_00039.png,3,196.528,384.971,star,94.411,2.339,2.028,28.725,2813.148
img_00039.png,4,214.881,192.354,star,154.785,1.580,1.612,35.468,2478.146
img_00039.png,5,154.197,384.530,star,140.710,1.246,1.160,171.723,1277.802
img_00039.png,6,341.395,419.231,star,82.159,2.217,2.165,136.762,2478.044
img_00039.png,7,198.166,118.224,star,31.085,2.015,1.985,2.119,781.234
img_00039.png,8,431.971,447.312,star,25.722,1.246,1.353,19.271,272.437
img_00039.png,9,168.668,479.124,star,151.914,2.305,2.001,35.988,4403.868
img_00039.png,10,236.321,120.445,star,111.199,1.312,1.464,118.774,1341.883
img_00039.png,11,479.246,311.729,galaxy_like,58.904,3.434,1.384,31.054,1758.984
img_00039.png,12,32.286,91.309,galaxy_like,43.925,4.566,2.355,48.046,2967.292
img_00039.png,13,287.440,487.002,star,104.204,1.316,1.389,6.011,1196.657
img_00039.png,14,429.217,44.450,galaxy_like,21.671,7.706,3.370,42.855,3535.901
img_00040.png,0,395.702,444.191,star,122.098,2.545,2.309,99.513,4506.930
img_00040.png,1,263.100,92.550,star,98.449,2.043,2.319,89.441,2930.604
img_00040.png,2,116.100,139.171,galaxy_like,47.586,4.396,2.780,151.695,3654.093
img_00040.png,3,440.215,225.643,galaxy_like,33.380,6.001,3.272,173.831,4118.196
img_00040.png,4,352.593,294.579,star,105.856,1.472,1.332,154.632,1303.715
img_00040.png,5,301.564,389.426,star,119.240,1.293,1.458,91.503,1412.307
img_00040.png,6,356.676,274.896,star,63.291,2.365,2.219,108.759,2086.165
img_00040.png,7,231.429,437.263,star,96.993,2.524,2.680,127.400,4120.920
img_00040.png,8,36.791,458.910,star,136.227,1.612,1.614,98.723,2226.404
img_00040.png,9,110.335,482.269,star,34.151,1.945,2.049,41.575,855.233
img_00040.png,10,478.901,88.011,galaxy_like,66.588,7.900,3.187,90.062,10532.426
img_00040.png,11,230.742,342.895,galaxy_like,79.612,6.519,3.530,106.060,11510.901
img_00040.png,12,24.259,313.001,star,157.799,2.137,1.952,169.396,4136.234
img_00040.png,13,233.317,272.113,star,68.306,1.916,1.977,13.524,1625.653
img_00040.png,14,317.677,191.147,galaxy_like,72.877,6.092,3.242,74.229,9041.546
img_00040.png,15,441.008,160.115,star,28.975,1.717,1.463,147.351,457.381
img_00040.png,16,109.357,402.897,star,141.189,2.081,1.851,106.654,3417.280
img_00040.png,17,464.474,239.905,star,62.972,2.310,2.356,124.120,2153.500
img_00040.png,18,438.369,316.176,star,64.836,2.111,2.282,75.848,1962.798
img_00040.png,19,26.969,338.827,star,67.310,2.276,2.272,30.569,2186.414
img_00040.png,20,323.760,162.368,star,141.210,2.608,2.453,23.655,5676.542
img_00040.png,21,110.488,279.435,star,73.737,2.365,2.170,37.046,2377.901
img_00040.png,22,157.846,83.464,galaxy_like,34.610,5.757,3.988,101.627,4992.353
img_00040.png,23,438.060,422.516,star,135.242,2.097,2.310,36.551,4114.905
img_00041.png,0,39.801,63.997,star,31.806,2.598,2.828,91.271,1468.542
img_00041.png,1,268.655,332.870,galaxy_like,97.801,6.724,4.104,37.296,16957.000
img_00041.png,2,478.025,385.780,star,83.033,2.031,1.847,52.238,1957.255
img_00041.png,3,250.892,277.985,star,75.569,2.413,2.571,72.676,2945.440
img_00041.png,4,38.425,436.303,star,141.514,1.383,1.454,78.244,1788.456
img_00041.png,5,144.596,67.112,galaxy_like,29.375,5.208,3.531,26.861,3394.489
img_00041.png,6,36.288,291.024,star,46.057,1.799,1.625,156.625,846.128
img_00041.png,7,237.591,360.123,star,132.157,1.655,1.629,100.939,2239.599
img_00041.png,8,149.856,321.071,star,110.420,2.071,2.285,117.052,3283.130
img_00041.png,9,35.012,473.424,star,77.421,2.061,1.934,82.046,1939.209
img_00041.png,10,383.569,106.045,galaxy_like,22.105,7.691,3.158,96.664,3373.165
img_00041.png,11,370.797,345.732,galaxy_like,73.158,6.360,4.737,21.302,13846.636
img_00041.png,12,325.257,222.246,star,126.300,2.344,2.068,56.837,3846.500
img_00041.png,13,75.060,232.984,star,130.101,1.966,2.244,179.364,3606.995
img_00041.png,14,267.235,375.649,star,100.873,2.688,2.838,50.646,4835.253
img_00041.png,15,136.987,471.064,star,48.093,1.278,1.240,112.348,478.680
img_00041.png,16,335.089,348.117,galaxy_like,50.754,4.836,3.238,89.771,4993.788
img_00042.png,0,362.082,115.899,star,158.283,1.345,1.466,7.820,1960.461
img_00042.png,1,89.021,170.752,star,78.103,1.796,1.580,79.640,1392.340
img_00042.png,2,40.640,131.782,galaxy_like,48.241,5.897,4.152,85.129,7421.396
img_00042.png,3,399.911,167.382,star,110.648,2.007,2.281,8.103,3182.811
img_00042.png,4,486.418,456.814,star,41.592,2.107,1.818,51.092,1000.976
img_00042.png,5,183.832,436.737,star,57.318,1.853,1.845,126.048,1231.668
img_00042.png,6,147.502,164.363,galaxy_like,46.806,6.679,4.120,175.469,8092.049
img_00042.png,7,86.851,27.814,galaxy_like,72.377,3.414,1.388,19.301,2154.392
img_00042.png,8,300.540,80.461,galaxy_like,27.879,4.664,2.438,170.916,1991.413
img_00042.png,9,382.989,179.991,star,120.388,1.935,1.760,44.292,2577.197
img_00042.png,10,452.735,105.355,star,149.546,2.345,2.441,145.796,5380.019
img_00042.png,11,368.377,458.809,star,54.784,1.676,1.623,2.655,935.994
img_00042.png,12,182.189,65.459,star,127.615,1.583,1.592,77.868,2020.580
img_00042.png,13,377.555,189.976,star,93.461,1.516,1.606,36.517,1429.811
img_00042.png,14,213.168,278.677,star,40.435,1.304,1.238,5.702,410.377
img_00042.png,15,124.904,409.739,star,122.667,1.780,1.573,71.559,2157.848
img_00043.png,0,143.037,151.116,galaxy_like,56.260,6.931,4.610,18.192,11295.307
img_00043.png,1,458.488,384.746,star,92.842,2.598,2.429,33.885,3681.732
img_00043.png,2,133.780,163.118,galaxy_like,56.237,3.604,2.596,179.242,3306.055
img_00043.png,3,295.010,344.740,star,156.816,1.390,1.365,162.235,1868.547
img_00043.png,4,43.743,303.522,star,128.989,2.634,2.843,104.864,6068.255
img_00043.png,5,324.590,43.377,star,142.941,2.014,2.037,9.909,3684.387
img_00043.png,6,395.896,106.654,star,49.543,1.373,1.203,90.100,514.011
img_00043.png,7,154.178,97.684,star,78.139,1.494,1.487,10.633,1090.632
img_00043.png,8,319.741,267.621,galaxy_like,64.846,4.729,3.442,121.941,6631.839
img_00043.png,9,419.671,241.614,star,71.541,1.290,1.285,117.388,745.132
img_00043.png,10,125.338,239.407,star,145.317,1.981,2.061,88.113,3726.756
img_00043.png,11,97.459,171.097,star,43.839,1.921,2.139,73.557,1131.702
img_00043.png,12,181.408,27.606,star,125.292,2.315,2.468,93.158,4498.547
img_00043.png,13,28.367,407.808,galaxy_like,71.428,6.557,4.869,60.446,14329.375
img_00043.png,14,318.712,384.392,galaxy_like,63.718,6.962,3.540,23.445,9865.705
img_00043.png,15,93.164,277.482,star,67.913,1.953,2.208,99.048,1839.855
img_00043.png,16,430.783,357.009,galaxy_like,36.786,4.435,3.237,166.802,3318.035
img_00043.png,17,276.111,64.777,star,95.654,1.904,2.115,116.745,2420.449
img_00043.png,18,33.681,372.351,galaxy_like,98.497,6.509,4.299,25.589,17318.050
img_00044.png,0,168.322,417.129,star,76.315,2.552,2.807,155.468,3434.884
img_00044.png,1,361.093,67.407,star,119.891,2.481,2.562,178.360,4788.719
img_00044.png,2,34.613,201.200,star,60.766,1.639,1.632,36.842,1021.260
img_00044.png,3,301.537,394.666,galaxy_like,46.853,4.931,1.778,68.060,2580.491
img_00044.png,4,289.866,418.401,star,125.067,1.739,1.768,4.427,2416.116
img_00044.png,5,204.230,302.668,star,123.204,1.401,1.327,127.941,1439.178
img_00044.png,6,153.375,439.840,galaxy_like,21.399,5.484,4.390,6.701,3237.035
img_00044.png,7,71.048,180.542,galaxy_like,26.140,7.703,3.973,46.994,5026.275
img_00044.png,8,242.269,422.240,star,75.621,2.462,2.277,119.579,2663.602
img_00044.png,9,224.021,41.877,galaxy_like,70.583,6.655,2.876,88.214,8488.551
img_00044.png,10,118.920,437.866,star,148.945,2.641,2.810,134.902,6943.856
img_00044.png,11,136.064,466.653,star,55.452,2.016,2.062,20.698,1448.175
img_00044.png,12,252.874,446.204,galaxy_like,93.840,6.336,2.558,122.189,9555.347
img_00044.png,13,103.396,175.882,galaxy_like,81.069,6.665,5.086,75.155,17266.789
img_00044.png,14,427.919,458.634,star,37.037,1.791,2.037,99.650,849.233
img_00044.png,15,103.576,313.735,star,49.846,2.603,2.945,152.862,2400.961
img_00044.png,16,487.457,85.854,star,124.832,2.177,1.959,166.678,3345.541
img_00044.png,17,159.220,299.344,galaxy_like,40.547,6.459,5.324,58.664,8760.175
img_00044.png,18,68.193,469.182,star,57.481,1.379,1.539,4.117,766.772
img_00044.png,19,60.446,312.146,star,79.543,1.550,1.427,86.213,1104.957
img_00044.png,20,245.663,346.277,galaxy_like,42.542,4.521,2.519,171.341,3044.657
img_00044.png,21,240.830,404.648,star,38.552,2.700,2.474,112.014,1617.892
img_00044.png,22,241.274,446.281,star,114.443,1.752,1.902,19.261,2397.153
img_00044.png,23,234.626,24.364,star,112.626,1.909,1.858,59.048,2509.929
img_00044.png,24,269.988,231.553,star,155.266,2.225,2.218,39.076,4816.056
img_00044.png,25,312.743,343.567,galaxy_like,72.537,4.448,3.148,142.464,6381.994
img_00044.png,26,194.543,265.685,galaxy_like,65.252,4.089,3.022,112.062,5066.527
img_00044.png,27,311.683,142.249,star,98.825,1.963,1.968,86.439,2398.944
img_00044.png,28,428.982,126.088,star,100.864,1.465,1.434,173.235,1331.818
img_00044.png,29,122.071,128.946,galaxy_like,93.524,6.911,5.163,149.761,20963.918
img_00044.png,30,315.302,126.532,galaxy_like,84.569,3.784,1.421,96.982,2856.620
img_00044.png,31,100.782,471.303,galaxy_like,18.668,5.661,4.181,118.333,2776.387
img_00044.png,32,226.125,268.068,star,45.905,2.313,2.054,37.464,1370.424
img_00044.png,33,419.438,217.142,star,117.065,2.349,2.559,26.864,4421.287
img_00044.png,34,97.609,221.578,star,96.250,1.606,1.584,16.363,1538.594
img_00045.png,0,184.159,425.796,star,56.530,2.380,2.687,177.228,2271.727
img_00045.png,1,235.085,474.749,galaxy_like,78.081,4.052,3.392,102.368,6742.836
img_00045.png,2,31.633,119.631,galaxy_like,31.538,6.185,4.453,51.477,5457.473
img_00045.png,3,98.918,484.375,star,118.197,1.932,1.946,123.100,2791.302
img_00045.png,4,62.940,90.432,star,134.855,1.743,1.687,116.872,2491.012
img_00045.png,5,31.307,125.892,star,77.185,1.568,1.406,122.525,1068.524
img_00045.png,6,211.611,362.905,star,146.775,1.629,1.869,148.466,2807.421
img_00045.png,7,262.386,186.802,star,105.775,1.432,1.443,2.924,1372.542
img_00045.png,8,123.325,194.744,star,134.783,1.307,1.464,122.466,1620.286
img_00045.png,9,215.741,138.498,star,81.227,2.238,2.043,26.355,2333.716
img_00045.png,10,56.938,371.308,star,111.779,1.618,1.409,116.964,1600.824
img_00045.png,11,303.470,186.529,star,44.266,1.743,1.812,40.329,878.278
img_00045.png,12,229.066,25.789,star,155.546,1.333,1.450,56.521,1887.906
img_00046.png,0,177.501,339.155,star,149.667,1.551,1.590,53.458,2318.680
img_00046.png,1,459.288,192.592,galaxy_like,39.042,6.335,4.587,110.360,7127.994
img_00046.png,2,472.174,95.098,star,52.009,1.655,1.718,9.848,928.784
img_00046.png,3,295.541,95.589,star,117.851,2.130,1.811,171.559,2855.593
img_00046.png,4,348.902,270.794,star,35.914,1.822,1.653,31.055,679.686
img_00046.png,5,370.318,460.909,star,133.261,1.788,1.540,10.479,2304.899
img_00046.png,6,109.102,302.974,star,144.659,1.470,1.313,168.078,1754.939
img_00046.png,7,146.699,407.861,star,145.948,1.291,1.349,157.094,1596.434
img_00046.png,8,422.475,403.853,galaxy_like,90.408,4.046,2.596,83.987,5966.795
img_00046.png,9,439.376,257.179,galaxy_like,34.227,6.797,2.855,171.313,4172.681
img_00046.png,10,79.651,482.557,star,92.011,1.598,1.787,68.212,1650.386
img_00046.png,11,269.018,433.030,star,130.986,2.247,1.928,161.377,3566.263
img_00046.png,12,181.254,197.623,galaxy_like,24.503,5.807,2.237,155.233,1999.499
img_00046.png,13,276.148,293.764,star,103.728,1.775,1.549,7.441,1792.048
img_00046.png,14,137.369,447.639,star,42.885,1.507,1.639,157.152,665.533
img_00046.png,15,411.070,316.970,star,84.122,2.021,2.050,66.541,2190.101
img_00046.png,16,386.318,194.314,star,66.617,1.225,1.111,98.690,569.632
img_00046.png,17,214.628,160.606,star,95.765,2.607,2.587,87.051,4057.149
img_00047.png,0,251.894,322.955,star,28.826,1.507,1.494,111.184,407.807
img_00047.png,1,216.989,49.267,star,154.552,2.220,2.067,177.460,4456.984
img_00047.png,2,311.918,349.602,star,93.977,2.300,2.379,126.557,3230.025
img_00047.png,3,89.071,263.723,star,78.234,1.799,1.641,21.477,1451.778
img_00047.png,4,216.347,280.711,star,69.080,2.283,2.025,164.275,2006.572
img_00047.png,5,258.296,249.049,star,63.172,1.381,1.268,55.171,695.064
img_00047.png,6,80.146,177.567,galaxy_like,22.230,6.392,3.059,97.045,2730.922
img_00047.png,7,217.948,222.691,galaxy_like,88.208,6.218,4.721,79.817,16268.829
img_00047.png,8,478.691,322.379,star,114.593,2.255,2.096,115.931,3403.538
img_00047.png,9,320.779,457.576,galaxy_like,38.322,4.430,3.048,59.181,3250.713
img_00047.png,10,138.384,480.699,galaxy_like,27.948,7.123,4.999,50.973,6253.008
img_00047.png,11,72.693,121.517,star,121.385,1.654,1.787,113.797,2255.061
img_00047.png,12,156.900,473.656,star,107.762,2.617,2.782,142.678,4928.714
img_00047.png,13,290.418,46.439,star,147.287,2.308,2.617,160.748,5588.568
img_00048.png,0,321.046,426.450,star,87.156,1.938,1.816,57.238,1927.671
img_00048.png,1,407.378,404.815,galaxy_like,31.561,3.785,3.168,77.606,2377.754
img_00048.png,2,167.226,169.760,star,72.619,1.758,1.587,115.401,1272.807
img_00048.png,3,438.627,439.578,galaxy_like,79.493,5.349,2.682,91.101,7164.501
img_00048.png,4,388.656,478.982,star,81.111,1.879,1.994,10.472,1909.831
img_00048.png,5,452.549,247.290,galaxy_like,79.727,3.529,1.280,133.722,2263.193
img_00048.png,6,204.291,245.879,star,52.215,1.630,1.825,17.853,975.980
img_00048.png,7,431.743,269.776,star,107.390,2.092,1.880,107.208,2653.224
img_00048.png,8,103.747,457.479,star,51.449,2.302,2.133,36.726,1586.812
img_00048.png,9,309.106,275.682,star,84.801,1.683,1.756,21.043,1574.608
img_00048.png,10,144.405,38.126,star,103.667,2.641,2.952,158.429,5078.058
img_00048.png,11,69.387,254.406,star,61.848,1.877,2.147,167.521,1565.665
img_00048.png,12,387.254,323.840,star,114.916,1.383,1.457,17.566,1454.949
img_00048.png,13,133.943,298.041,galaxy_like,86.675,3.487,2.132,115.871,4048.035
img_00048.png,14,125.234,230.737,galaxy_like,23.292,5.277,3.093,46.759,2388.331
img_00049.png,0,216.464,432.566,star,31.522,2.636,2.461,11.655,1284.903
img_00049.png,1,182.661,485.798,star,119.620,1.419,1.630,115.484,1737.985
img_00049.png,2,395.757,157.203,star,37.325,2.644,2.780,34.576,1723.992
img_00049.png,3,128.105,78.123,star,107.887,2.106,2.029,84.801,2897.512
img_00049.png,4,424.849,303.983,star,36.594,1.300,1.109,100.138,331.604
img_00049.png,5,278.686,58.557,galaxy_like,51.502,3.324,2.576,86.255,2770.059
img_00049.png,6,339.086,250.100,galaxy_like,31.051,6.455,3.322,88.447,4183.064
img_00049.png,7,377.359,83.595,galaxy_like,26.628,3.175,1.440,161.129,764.954
img_00049.png,8,354.935,145.919,star,111.443,2.120,2.007,118.327,2977.936
img_00049.png,9,271.827,175.874,star,107.276,1.737,1.901,142.095,2225.732
img_00049.png,10,446.364,28.463,star,120.835,1.731,1.581,15.759,2077.094
img_00049.png,11,96.868,142.112,star,146.604,1.542,1.526,177.222,2166.874
img_00049.png,12,311.644,451.139,star,112.171,1.421,1.499,69.770,1501.130
img_00049.png,13,337.966,281.779,galaxy_like,89.480,6.997,3.579,56.718,14080.583
img_00049.png,14,249.731,382.010,galaxy_like,60.705,3.462,2.445,72.748,3229.358
img_00049.png,15,250.648,121.675,star,43.571,1.598,1.448,127.989,633.431
img_00049.png,16,291.633,167.216,star,140.056,2.149,2.228,51.921,4212.200
img_00049.png,17,110.387,262.831,star,140.936,1.530,1.373,33.320,1860.614
img_00050.png,0,50.890,408.483,star,158.065,2.448,2.694,16.181,6548.894
img_00050.png,1,455.328,389.315,galaxy_like,52.652,7.104,5.268,41.472,12379.591
img_00050.png,2,110.044,99.704,galaxy_like,30.515,7.939,4.577,172.987,6965.855
img_00050.png,3,110.956,276.480,star,148.880,2.531,2.329,125.280,5512.277
img_00050.png,4,54.705,454.865,star,81.913,1.593,1.414,167.452,1159.504
img_00050.png,5,152.020,241.261,galaxy_like,45.868,6.174,4.500,72.547,8006.839
img_00050.png,6,469.763,162.859,star,40.297,2.535,2.714,175.496,1741.572
img_00050.png,7,273.926,260.181,galaxy_like,32.234,5.412,4.554,47.794,4991.832
img_00050.png,8,41.366,464.786,star,36.049,2.469,2.611,118.271,1459.934
img_00050.png,9,177.742,105.926,galaxy_like,46.319,6.149,4.327,173.846,7743.677
img_00050.png,10,478.709,459.694,star,155.058,2.323,2.506,107.766,5673.097
img_00050.png,11,29.020,200.013,star,61.282,1.778,1.653,179.394,1131.368
img_00050.png,12,364.962,57.007,galaxy_like,74.325,6.458,5.364,115.764,16176.391
img_00050.png,13,194.654,293.762,star,69.753,2.443,2.521,53.836,2698.917
img_00050.png,14,443.925,317.946,star,119.437,2.367,2.564,84.147,4556.002
img_00050.png,15,391.159,149.557,star,94.492,2.460,2.371,152.202,3463.152
img_00050.png,16,172.238,371.425,galaxy_like,43.962,6.104,3.880,75.925,6541.606
img_00050.png,17,483.971,340.392,star,126.679,2.049,2.303,150.152,3755.821
img_00051.png,0,247.057,449.319,star,69.774,1.816,1.719,10.328,1368.133
img_00051.png,1,361.390,214.768,galaxy_like,65.969,7.723,5.498,42.913,17598.075
img_00051.png,2,100.928,174.663,star,127.306,2.380,2.625,107.238,4997.645
img_00051.png,3,224.411,70.280,star,157.975,2.502,2.303,119.283,5717.205
img_00051.png,4,370.290,101.621,star,88.626,2.272,2.199,60.669,2781.531
img_00051.png,5,485.371,346.748,star,120.848,2.296,1.962,118.325,3421.214
img_00051.png,6,414.513,38.891,star,153.487,1.491,1.625,89.805,2336.958
img_00051.png,7,79.074,33.207,star,85.524,2.156,2.006,132.707,2323.965
img_00051.png,8,169.893,227.978,star,79.801,2.621,2.396,1.014,3149.191
img_00051.png,9,322.143,40.901,star,152.616,2.362,2.273,130.530,5146.577
img_00051.png,10,111.994,319.865,galaxy_like,70.596,4.041,2.841,138.721,5092.702
img_00051.png,11,383.800,152.785,star,34.271,1.347,1.441,19.761,417.833
img_00051.png,12,312.534,134.196,star,119.641,1.326,1.435,87.221,1430.127
img_00051.png,13,263.292,184.797,galaxy_like,82.790,3.479,1.317,104.961,2382.499
img_00051.png,14,386.881,135.561,galaxy_like,60.094,6.117,3.835,168.148,8857.730
img_00051.png,15,192.951,165.948,star,45.001,1.541,1.603,118.791,698.685
img_00051.png,16,363.800,258.134,star,32.448,2.253,1.997,19.777,917.177
img_00051.png,17,267.935,152.026,star,158.503,1.297,1.150,78.602,1485.510
img_00051.png,18,206.326,127.005,star,93.922,2.415,2.727,170.599,3886.216
img_00051.png,19,121.802,133.801,star,136.473,1.429,1.628,143.678,1994.851
img_00051.png,20,482.191,403.717,galaxy_like,72.639,7.173,4.766,12.305,15602.784
img_00051.png,21,136.245,177.767,galaxy_like,38.462,4.147,1.466,25.827,1469.197
img_00051.png,22,271.465,350.219,star,118.956,1.705,1.727,140.795,2200.980
img_00051.png,23,227.914,238.619,star,113.924,1.630,1.498,169.887,1747.560
img_00051.png,24,64.952,319.987,star,94.659,1.932,1.882,85.951,2162.734
img_00051.png,25,454.701,350.030,star,53.133,2.590,2.646,119.079,2288.431
img_00051.png,26,85.408,173.900,star,111.342,1.319,1.446,82.506,1334.146
img_00052.png,0,109.502,250.095,star,74.112,2.151,2.266,15.895,2269.799
img_00052.png,1,94.096,440.177,star,70.567,1.741,1.986,130.587,1533.136
img_00052.png,2,302.912,406.263,star,80.256,2.523,2.884,85.219,3668.099
img_00052.png,3,101.756,131.242,star,87.240,1.777,2.024,101.673,1972.245
img_00052.png,4,177.821,483.099,star,33.637,2.557,2.755,91.307,1488.669
img_00052.png,5,108.905,158.109,star,42.653,2.661,2.476,67.188,1765.213
img_00052.png,6,257.335,430.356,star,136.471,1.229,1.369,61.263,1442.362
img_00052.png,7,333.925,60.577,galaxy_like,76.569,3.297,2.703,6.779,4286.763
img_00052.png,8,358.232,348.763,galaxy_like,78.023,7.380,3.347,102.853,12110.204
img_00052.png,9,439.695,451.324,star,118.601,1.547,1.679,60.021,1935.983
img_00052.png,10,221.331,460.660,star,139.563,2.035,1.814,13.601,3235.596
img_00052.png,11,200.842,194.270,star,108.192,2.373,2.474,34.612,3990.291
img_00052.png,12,397.735,241.150,galaxy_like,79.675,5.402,2.863,53.037,7742.109
img_00052.png,13,275.389,297.403,galaxy_like,22.100,6.809,5.484,11.120,5185.073
img_00052.png,14,291.136,447.270,star,26.813,1.457,1.592,11.995,390.913
img_00052.png,15,128.290,323.029,star,103.686,2.055,2.231,156.197,2986.810
img_00052.png,16,80.507,287.558,star,135.249,1.410,1.413,28.453,1693.190
img_00052.png,17,104.526,118.705,galaxy_like,28.555,3.862,1.651,138.051,1143.926
img_00052.png,18,190.925,127.469,star,139.951,2.497,2.541,82.358,5578.893
img_00052.png,19,341.702,102.259,star,79.903,2.020,2.026,132.507,2053.724
img_00052.png,20,311.177,164.281,galaxy_like,62.120,5.548,4.363,40.232,9448.650
img_00052.png,21,334.263,153.824,star,29.336,1.560,1.440,39.356,413.916
img_00052.png,22,145.824,83.082,galaxy_like,54.097,6.387,3.561,109.686,7731.145
img_00052.png,23,196.599,220.591,star,118.340,1.959,1.974,141.945,2876.016
img_00052.png,24,429.983,242.541,galaxy_like,22.121,6.618,2.577,34.441,2370.824
img_00052.png,25,424.820,29.914,star,134.292,1.735,1.548,59.967,2265.978
img_00052.png,26,199.922,119.654,star,98.476,1.837,1.951,117.759,2217.407
img_00052.png,27,403.091,31.246,star,71.824,2.404,2.251,111.793,2442.115
img_00052.png,28,408.799,267.831,star,126.096,1.548,1.727,112.041,2117.952
img_00052.png,29,474.058,180.395,star,42.552,2.371,2.673,97.604,1694.280
img_00052.png,30,278.611,205.932,star,140.367,1.966,1.672,171.569,2900.342
img_00052.png,31,315.543,151.374,star,40.376,2.367,2.207,60.788,1324.852
img_00052.png,32,358.381,303.680,star,39.041,2.284,1.954,16.461,1094.885
img_00052.png,33,166.248,349.056,star,122.984,1.301,1.392,2.369,1398.512
img_00052.png,34,164.079,112.559,star,79.304,2.040,2.294,15.947,2332.146
img_00053.png,0,229.029,197.133,star,108.711,1.620,1.477,13.689,1634.638
img_00053.png,1,265.143,352.872,star,74.509,1.592,1.608,126.417,1199.059
img_00053.png,2,136.976,138.574,star,79.481,2.134,2.147,119.786,2288.209
img_00053.png,3,266.285,216.634,star,81.887,1.315,1.428,9.335,966.156
img_00053.png,4,93.150,65.061,star,32.741,1.806,2.040,86.097,757.640
img_00053.png,5,85.965,179.561,galaxy_like,74.788,4.090,3.412,162.066,6556.411
img_00053.png,6,188.949,313.720,star,154.887,1.235,1.336,1.635,1606.088
img_00053.png,7,131.512,215.119,star,129.716,1.891,2.098,101.446,3233.969
img_00053.png,8,417.972,86.998,star,105.368,2.127,2.050,98.990,2887.535
img_00053.png,9,479.664,454.718,star,110.646,2.547,2.311,143.796,4092.325
img_00053.png,10,303.430,260.368,galaxy_like,19.190,6.568,4.637,44.658,3672.362
img_00054.png,0,209.965,462.274,star,77.628,1.617,1.623,118.630,1279.464
img_00054.png,1,166.090,438.934,star,58.331,2.302,2.229,160.135,1880.722
img_00054.png,2,406.792,281.321,galaxy_like,22.405,3.840,2.832,32.549,1530.950
img_00054.png,3,127.882,272.863,star,157.186,2.436,2.431,12.572,5846.546
img_00054.png,4,429.795,258.787,star,91.732,2.378,2.368,26.939,3245.169
img_00054.png,5,458.961,234.501,galaxy_like,40.560,4.288,3.250,110.642,3551.760
img_00054.png,6,297.178,134.149,galaxy_like,75.872,4.627,2.069,118.642,4564.082
img_00054.png,7,413.644,453.234,star,149.846,2.583,2.476,15.305,6022.261
img_00054.png,8,321.324,194.489,star,63.321,1.614,1.700,42.658,1091.895
img_00054.png,9,416.871,82.030,star,130.607,1.890,2.088,175.210,3237.836
img_00054.png,10,399.956,232.348,star,138.043,1.911,2.135,71.029,3538.503
img_00054.png,11,333.698,452.689,galaxy_like,52.748,4.373,3.253,35.743,4714.951
img_00054.png,12,61.979,149.942,galaxy_like,91.227,4.066,2.265,146.837,5279.245
img_00054.png,13,461.143,116.647,galaxy_like,82.246,3.444,1.333,46.688,2372.872
img_00054.png,14,192.585,195.289,galaxy_like,65.080,6.759,2.979,23.814,8232.186
img_00055.png,0,304.563,265.096,galaxy_like,56.991,4.172,2.302,8.423,3438.990
img_00055.png,1,487.338,46.157,galaxy_like,26.312,4.440,2.026,111.570,1487.206
img_00055.png,2,248.910,89.845,star,74.286,1.264,1.088,10.500,641.712
img_00055.png,3,72.518,403.138,star,82.216,1.520,1.526,111.786,1197.873
img_00055.png,4,231.469,473.723,star,96.134,1.953,1.980,165.006,2334.835
img_00055.png,5,262.163,345.322,star,25.398,2.230,1.934,135.995,688.125
img_00055.png,6,325.448,445.667,star,144.627,2.481,2.836,46.860,6394.447
img_00055.png,7,30.553,467.458,galaxy_like,31.448,7.547,5.431,177.368,8099.373
img_00055.png,8,31.974,403.577,star,91.215,1.695,1.502,65.550,1459.567
img_00055.png,9,241.991,90.251,star,111.416,1.968,1.884,109.511,2594.992
img_00055.png,10,354.909,274.739,galaxy_like,66.363,5.798,3.439,138.495,8312.743
img_00055.png,11,55.284,402.819,star,76.338,1.792,1.890,141.718,1624.432
img_00055.png,12,485.930,84.740,star,148.623,1.327,1.401,40.291,1736.072
img_00055.png,13,306.468,234.730,star,33.215,2.006,2.150,52.613,899.965
img_00055.png,14,445.640,258.472,star,28.499,1.702,1.724,93.421,525.249
img_00055.png,15,225.347,186.400,star,38.207,1.633,1.836,164.160,719.691
img_00055.png,16,178.650,312.733,star,97.061,2.443,2.804,13.701,4177.941
img_00055.png,17,485.524,201.493,star,105.349,1.917,1.874,106.467,2378.489
img_00055.png,18,322.902,145.683,galaxy_like,98.551,7.944,5.956,144.174,29298.290
img_00056.png,0,465.504,45.071,star,63.094,1.488,1.590,0.052,937.997
img_00056.png,1,467.003,386.137,star,130.542,1.887,2.125,39.874,3290.265
img_00056.png,2,332.901,45.768,galaxy_like,31.239,4.458,3.776,27.400,3304.098
img_00056.png,3,344.436,51.468,star,107.362,2.580,2.553,23.775,4444.082
img_00056.png,4,321.095,93.521,galaxy_like,92.605,4.470,2.869,56.811,7461.043
img_00056.png,5,300.439,264.494,star,85.916,2.684,2.994,105.744,4338.752
img_00056.png,6,145.861,326.819,star,134.174,2.412,2.479,37.382,5042.542
img_00056.png,7,348.919,453.753,star,56.009,1.683,1.514,33.968,896.380
img_00056.png,8,208.428,128.271,galaxy_like,86.133,4.465,2.666,177.012,6441.379
img_00056.png,9,322.154,71.905,star,52.334,2.049,1.896,151.113,1277.347
img_00056.png,10,76.866,460.795,star,141.862,2.625,2.955,49.096,6911.570
img_00056.png,11,27.847,333.367,star,40.505,1.632,1.636,130.530,679.418
img_00056.png,12,309.617,313.767,star,132.625,2.350,2.672,33.778,5230.970
img_00056.png,13,273.951,257.149,galaxy_like,83.890,3.851,2.256,30.607,4580.558
img_00057.png,0,87.210,389.592,star,79.737,2.136,2.335,82.041,2498.465
img_00057.png,1,105.647,101.562,star,70.879,1.991,2.127,64.987,1885.380
img_00057.png,2,353.716,71.081,star,69.797,2.505,2.641,22.968,2901.125
img_00057.png,3,250.671,450.101,star,104.413,1.341,1.534,17.984,1350.216
img_00057.png,4,299.535,157.619,star,28.429,2.408,2.747,34.889,1181.516
img_00057.png,5,206.627,277.691,star,127.257,2.574,2.545,148.560,5237.475
img_00057.png,6,286.419,395.865,star,71.823,1.722,1.877,107.405,1458.586
img_00057.png,7,369.598,376.747,galaxy_like,28.466,5.737,2.176,17.013,2233.073
img_00057.png,8,216.698,325.143,star,127.421,2.217,2.096,44.860,3719.420
img_00057.png,9,36.231,65.589,star,27.302,2.393,2.223,150.586,912.599
img_00057.png,10,365.926,224.600,galaxy_like,66.197,6.903,2.421,61.682,6951.423
img_00057.png,11,238.368,159.318,star,113.260,2.693,2.443,142.305,4681.885
img_00057.png,12,437.470,54.547,star,107.500,2.438,2.449,8.581,4032.575
img_00057.png,13,301.493,251.985,star,94.031,1.733,1.595,93.723,1633.884
img_00057.png,14,341.872,412.984,star,25.681,2.213,2.137,115.053,763.058
img_00057.png,15,274.662,354.869,star,85.454,2.271,1.972,8.540,2404.721
img_00057.png,16,231.160,438.914,star,47.029,1.577,1.655,176.820,770.887
img_00057.png,17,118.765,404.147,galaxy_like,72.096,7.633,2.744,57.782,9488.037
img_00058.png,0,356.525,336.542,galaxy_like,47.989,4.351,1.977,61.133,2593.398
img_00058.png,1,168.819,316.600,galaxy_like,49.609,7.311,6.041,135.253,13766.087
img_00058.png,2,121.909,117.487,star,107.311,1.687,1.602,130.879,1822.477
img_00058.png,3,184.450,290.111,galaxy_like,67.117,4.720,2.046,157.256,4073.330
img_00058.png,4,203.341,354.233,star,120.432,2.046,2.122,48.687,3285.469
img_00058.png,5,109.233,75.177,galaxy_like,61.823,6.048,3.243,72.571,7619.099
img_00058.png,6,179.810,363.002,star,34.790,1.603,1.440,80.429,504.506
img_00058.png,7,179.783,55.365,star,53.663,1.707,1.607,33.068,924.939
img_00058.png,8,466.935,393.372,star,101.896,2.073,2.120,152.588,2813.676
img_00058.png,9,310.363,82.536,star,145.338,2.436,2.084,81.146,4636.137
img_00058.png,10,257.389,354.005,galaxy_like,42.179,4.160,2.251,102.324,2481.450
img_00058.png,11,462.495,301.853,star,100.537,1.245,1.176,79.110,924.412
img_00058.png,12,266.804,72.471,star,86.937,1.345,1.435,143.567,1054.378
img_00058.png,13,134.840,445.409,galaxy_like,91.622,5.719,4.094,17.376,13480.141
img_00058.png,14,434.576,88.675,galaxy_like,54.803,4.615,2.602,46.272,4135.135
img_00058.png,15,285.140,452.895,star,73.879,2.263,2.070,105.507,2174.269
img_00058.png,16,132.841,297.537,star,159.073,1.255,1.396,3.221,1751.341
img_00059.png,0,136.569,313.760,star,77.896,2.294,2.069,160.482,2322.751
img_00059.png,1,233.200,461.662,star,51.745,1.799,1.535,100.384,897.539
img_00059.png,2,297.892,219.781,star,83.036,2.031,2.137,148.518,2264.286
img_00059.png,3,418.442,241.010,star,144.619,2.459,2.108,67.835,4711.106
img_00059.png,4,470.701,67.195,galaxy_like,29.654,5.884,4.952,150.098,5428.482
img_00059.png,5,149.705,166.123,star,121.051,1.445,1.599,169.048,1757.351
img_00059.png,6,287.244,364.566,star,30.453,1.767,1.621,21.000,548.143
img_00059.png,7,439.851,167.422,star,140.422,2.380,2.541,131.047,5336.184
