filename,object_id_pred,x_pred,y_pred,area,total_brightness,mean_brightness
img_00000.png,0,397.1111111111111,47.48148148148148,27,1043,38.629629629629626
img_00000.png,1,90.41538461538461,69.0,130,5000,38.46153846153846
img_00000.png,2,311.969696969697,93.9090909090909,33,559,16.939393939393938
img_00000.png,3,275.10185185185185,141.16666666666666,216,8330,38.56481481481482
img_00000.png,4,437.3888888888889,221.44444444444446,54,1172,21.703703703703702
img_00000.png,5,355.336170212766,233.77872340425532,235,6812,28.98723404255319
img_00000.png,6,324.3333333333333,257.875,24,728,30.333333333333332
img_00000.png,7,23.333333333333332,284.3333333333333,3,30,10.0
img_00000.png,8,283.42857142857144,339.85714285714283,35,1582,45.2
img_00001.png,0,467.8333333333333,36.947916666666664,288,11815,41.02430555555556
img_00001.png,1,327.7391304347826,53.21739130434783,23,1090,47.391304347826086
img_00001.png,2,310.5,62.583333333333336,24,1057,44.041666666666664
img_00001.png,3,120.96153846153847,112.73076923076923,26,733,28.192307692307693
img_00001.png,4,191.875,119.5,16,237,14.8125
img_00001.png,5,355.4313725490196,121.17647058823529,51,1387,27.19607843137255
img_00001.png,6,251.9805194805195,125.4090909090909,154,4495,29.18831168831169
img_00001.png,7,210.47272727272727,124.10909090909091,55,1536,27.927272727272726
img_00001.png,8,357.40816326530614,138.28571428571428,49,1478,30.163265306122447
img_00001.png,9,168.77272727272728,144.77272727272728,22,694,31.545454545454547
img_00001.png,10,249.92857142857142,155.6904761904762,42,1500,35.714285714285715
img_00001.png,11,245.28070175438597,190.19298245614036,57,2839,49.80701754385965
img_00001.png,12,432.3333333333333,195.33333333333334,3,655,218.33333333333334
img_00001.png,13,259.0,210.625,16,335,20.9375
img_00001.png,14,249.24242424242425,219.0909090909091,33,1026,31.09090909090909
img_00001.png,15,405.39130434782606,231.65217391304347,23,647,28.130434782608695
img_00001.png,16,158.47179487179488,262.3538461538462,195,6969,35.738461538461536
img_00001.png,17,427.3097826086956,269.57065217391306,184,6612,35.93478260869565
img_00001.png,18,383.8,268.24,25,749,29.96
img_00001.png,19,217.86697247706422,281.9770642201835,218,7130,32.706422018348626
img_00001.png,20,189.0,302.2647058823529,34,1550,45.588235294117645
img_00001.png,21,226.33333333333334,300.3333333333333,3,45,15.0
img_00001.png,22,56.723404255319146,331.6170212765957,47,1091,23.21276595744681
img_00001.png,23,162.91666666666666,335.6666666666667,12,222,18.5
img_00001.png,24,406.3333333333333,344.875,24,983,40.958333333333336
img_00001.png,25,140.5625,375.375,16,417,26.0625
img_00001.png,26,308.2231075697211,393.7051792828685,251,8014,31.92828685258964
img_00001.png,27,399.53125,396.21875,32,1069,33.40625
img_00001.png,28,253.48648648648648,428.6756756756757,37,987,26.675675675675677
img_00001.png,29,398.3333333333333,435.3333333333333,3,587,195.66666666666666
img_00001.png,30,198.91596638655463,450.4033613445378,119,3452,29.008403361344538
img_00001.png,31,325.2083333333333,452.25,24,811,33.791666666666664
img_00002.png,0,419.3333333333333,0.3333333333333333,3,39,13.0
img_00002.png,1,165.34782608695653,49.108695652173914,46,2248,48.869565217391305
img_00002.png,2,219.33333333333334,52.083333333333336,12,407,33.916666666666664
img_00002.png,3,106.84,55.64,25,596,23.84
img_00002.png,4,389.4342105263158,62.14473684210526,76,2295,30.19736842105263
img_00002.png,5,388.3333333333333,68.33333333333333,3,46,15.333333333333334
img_00002.png,6,239.96153846153845,75.3076923076923,26,846,32.53846153846154
img_00002.png,7,336.04918032786884,87.06557377049181,61,2099,34.40983606557377
img_00002.png,8,357.4954954954955,90.10810810810811,111,4261,38.387387387387385
img_00002.png,9,466.0,86.0,7,179,25.571428571428573
img_00002.png,10,121.42857142857143,90.22222222222223,63,2958,46.95238095238095
img_00002.png,11,470.8,86.4,5,70,14.0
img_00002.png,12,168.875,94.45,40,1381,34.525
img_00002.png,13,431.6842105263158,93.57894736842105,38,1330,35.0
img_00002.png,14,447.0,134.23076923076923,52,1646,31.653846153846153
img_00002.png,15,161.7,135.5857142857143,70,4263,60.9
img_00002.png,16,464.8666666666667,152.06666666666666,15,325,21.666666666666668
img_00002.png,17,238.55384615384617,160.6769230769231,65,2203,33.89230769230769
img_00002.png,18,59.22727272727273,162.9090909090909,22,538,24.454545454545453
img_00002.png,19,58.8,168.8,5,104,20.8
img_00002.png,20,272.9130434782609,180.04347826086956,23,842,36.608695652173914
img_00002.png,21,288.3809523809524,194.0952380952381,21,506,24.095238095238095
img_00002.png,22,237.4878048780488,232.6829268292683,41,2314,56.4390243902439
img_00002.png,23,398.24242424242425,243.57575757575756,33,1389,42.09090909090909
img_00002.png,24,30.416666666666668,301.75,24,711,29.625
img_00002.png,25,128.0,300.6470588235294,34,1323,38.911764705882355
img_00002.png,26,100.65217391304348,314.4782608695652,23,611,26.565217391304348
img_00002.png,27,69.92307692307692,325.53846153846155,26,975,37.5
img_00002.png,28,138.625,369.8625,80,3735,46.6875
img_00002.png,29,162.19444444444446,413.22222222222223,72,2142,29.75
img_00002.png,30,136.5,429.2857142857143,14,399,28.5
img_00002.png,31,320.75,441.25,48,1708,35.583333333333336
img_00002.png,32,148.07692307692307,449.9230769230769,39,1493,38.282051282051285
img_00002.png,33,467.32,456.5,50,2224,44.48
img_00003.png,0,413.4,52.8,5,692,138.4
img_00003.png,1,421.03225806451616,79.7741935483871,62,2872,46.32258064516129
img_00003.png,2,229.11475409836066,178.9672131147541,61,2867,47.0
img_00003.png,3,246.32450331125827,219.94701986754967,151,5128,33.96026490066225
img_00003.png,4,113.87323943661971,234.16901408450704,71,1320,18.591549295774648
img_00003.png,5,33.18518518518518,275.5925925925926,27,1176,43.55555555555556
img_00003.png,6,272.9240506329114,280.37974683544303,79,3882,49.139240506329116
img_00003.png,7,197.98076923076923,285.71153846153845,52,1418,27.26923076923077
img_00003.png,8,35.30769230769231,302.14102564102564,78,3483,44.65384615384615
img_00003.png,9,303.4,303.8,5,76,15.2
img_00003.png,10,238.67441860465115,324.6046511627907,43,2191,50.95348837209303
img_00003.png,11,354.24074074074076,335.6296296296296,54,1841,34.092592592592595
img_00003.png,12,360.9669421487603,364.89256198347107,242,7067,29.202479338842974
img_00003.png,13,477.969696969697,359.09090909090907,66,3003,45.5
img_00003.png,14,62.30555555555556,392.30555555555554,36,891,24.75
img_00003.png,15,338.9377777777778,431.37333333333333,225,7722,34.32
img_00003.png,16,286.4310344827586,474.0689655172414,58,1253,21.603448275862068
img_00004.png,0,76.78787878787878,34.84848484848485,33,1074,32.54545454545455
img_00004.png,1,306.3114754098361,39.459016393442624,61,2895,47.459016393442624
img_00004.png,2,118.46774193548387,57.903225806451616,62,3435,55.403225806451616
img_00004.png,3,157.92,65.96571428571428,175,5002,28.582857142857144
img_00004.png,4,484.1358024691358,66.35802469135803,81,4089,50.48148148148148
img_00004.png,5,243.94285714285715,68.42857142857143,35,1553,44.371428571428574
img_00004.png,6,89.3157894736842,86.34210526315789,38,1737,45.71052631578947
img_00004.png,7,191.15,89.45,20,383,19.15
img_00004.png,8,412.90909090909093,91.9090909090909,22,731,33.22727272727273
img_00004.png,9,472.55384615384617,96.04615384615384,65,1974,30.369230769230768
img_00004.png,10,359.26027397260276,99.08219178082192,73,3689,50.534246575342465
img_00004.png,11,272.2307692307692,102.61538461538461,13,266,20.46153846153846
img_00004.png,12,345.6818181818182,118.27272727272727,44,1350,30.681818181818183
img_00004.png,13,474.0,118.6470588235294,17,398,23.41176470588235
img_00004.png,14,275.5,133.83333333333334,12,210,17.5
img_00004.png,15,330.07612456747404,154.85121107266437,289,11088,38.36678200692042
img_00004.png,16,35.92982456140351,158.96491228070175,57,2565,45.0
img_00004.png,17,328.8224299065421,201.29906542056074,214,8882,41.504672897196265
img_00004.png,18,254.2054794520548,206.3972602739726,73,3703,50.726027397260275
img_00004.png,19,435.8125,230.1875,16,558,34.875
img_00004.png,20,356.7230769230769,254.46153846153845,65,2755,42.38461538461539
img_00004.png,21,454.76795580110496,264.3922651933702,181,4915,27.154696132596683
img_00004.png,22,404.780701754386,289.9824561403509,114,4924,43.19298245614035
img_00004.png,23,254.5,293.06666666666666,30,1690,56.333333333333336
img_00004.png,24,342.46875,292.65625,32,927,28.96875
img_00004.png,25,149.72727272727272,363.90909090909093,11,182,16.545454545454547
img_00004.png,26,383.825,380.4,40,2133,53.325
img_00004.png,27,197.33333333333334,386.3333333333333,3,40,13.333333333333334
img_00004.png,28,101.0909090909091,395.6363636363636,33,1443,43.72727272727273
img_00004.png,29,250.1904761904762,468.9047619047619,21,608,28.952380952380953
img_00004.png,30,58.97222222222222,473.6111111111111,36,1155,32.083333333333336
img_00004.png,31,125.56923076923077,476.9230769230769,65,2703,41.58461538461538
img_00005.png,0,252.33333333333334,0.3333333333333333,3,26,8.666666666666666
img_00005.png,1,468.3333333333333,0.3333333333333333,3,43,14.333333333333334
img_00005.png,2,323.88235294117646,76.41176470588235,17,752,44.23529411764706
img_00005.png,3,342.8857142857143,203.71428571428572,35,1041,29.742857142857144
img_00005.png,4,107.87012987012987,211.05194805194805,77,4380,56.883116883116884
img_00005.png,5,217.28571428571428,237.28571428571428,21,911,43.38095238095238
img_00005.png,6,369.0,265.7142857142857,7,687,98.14285714285714
img_00005.png,7,417.59302325581393,278.8837209302326,86,4667,54.26744186046512
img_00005.png,8,339.8,287.4,5,729,145.8
img_00005.png,9,339.3333333333333,333.3333333333333,3,710,236.66666666666666
img_00005.png,10,98.33333333333333,367.3333333333333,3,49,16.333333333333332
img_00005.png,11,27.333333333333332,384.3333333333333,3,48,16.0
img_00005.png,12,407.5744680851064,472.9148936170213,47,1694,36.04255319148936
img_00006.png,0,65.17647058823529,34.35294117647059,17,789,46.411764705882355
img_00006.png,1,237.8421052631579,56.8421052631579,19,556,29.263157894736842
img_00006.png,2,467.22641509433964,80.22641509433963,53,2527,47.679245283018865
img_00006.png,3,101.93333333333334,95.82222222222222,90,3639,40.43333333333333
img_00006.png,4,236.0,103.0,51,2780,54.509803921568626
img_00006.png,5,258.375,107.5625,16,652,40.75
img_00006.png,6,456.44444444444446,133.88888888888889,18,615,34.166666666666664
img_00006.png,7,387.0,137.84,25,854,34.16
img_00006.png,8,191.38888888888889,149.34027777777777,144,5645,39.201388888888886
img_00006.png,9,403.7,150.7,10,189,18.9
img_00006.png,10,449.3333333333333,175.33333333333334,3,32,10.666666666666666
img_00006.png,11,64.89583333333333,183.125,48,1848,38.5
img_00006.png,12,201.66666666666666,252.36363636363637,33,756,22.90909090909091
img_00006.png,13,456.0731707317073,255.35365853658536,82,4810,58.65853658536585
img_00006.png,14,49.97435897435897,266.3076923076923,39,1296,33.23076923076923
img_00006.png,15,281.46153846153845,299.0,208,8558,41.14423076923077
img_00006.png,16,320.09090909090907,322.90909090909093,22,1128,51.27272727272727
img_00006.png,17,262.2368421052632,330.94736842105266,76,3519,46.30263157894737
img_00006.png,18,141.5,370.38235294117646,68,3779,55.5735294117647
img_00006.png,19,328.1168831168831,381.8051948051948,77,4487,58.27272727272727
img_00006.png,20,370.0,384.5,16,634,39.625
img_00006.png,21,163.33333333333334,410.3333333333333,12,360,30.0
img_00006.png,22,42.55,417.1125,80,4933,61.6625
img_00006.png,23,250.0,420.5,10,227,22.7
img_00006.png,24,85.33333333333333,444.3333333333333,3,61,20.333333333333332
img_00006.png,25,86.875,450.875,8,170,21.25
img_00006.png,26,421.4,455.4,15,529,35.266666666666666
img_00006.png,27,75.67307692307692,472.0576923076923,52,1279,24.596153846153847
img_00006.png,28,438.9943820224719,476.438202247191,178,5634,31.651685393258425
img_00006.png,29,95.88235294117646,486.88235294117646,17,670,39.411764705882355
img_00007.png,0,336.2307692307692,24.884615384615383,26,875,33.65384615384615
img_00007.png,1,188.02,59.66,50,2265,45.3
img_00007.png,2,73.39285714285714,66.03571428571429,28,1841,65.75
img_00007.png,3,450.0769230769231,66.57692307692308,26,1463,56.26923076923077
img_00007.png,4,458.40816326530614,77.59183673469387,49,2971,60.63265306122449
img_00007.png,5,52.333333333333336,83.73333333333333,45,2577,57.266666666666666
img_00007.png,6,349.0,135.88235294117646,17,752,44.23529411764706
img_00007.png,7,366.6666666666667,171.26666666666668,15,632,42.13333333333333
img_00007.png,8,91.77272727272727,207.5909090909091,44,1267,28.795454545454547
img_00007.png,9,84.33333333333333,207.33333333333334,3,78,26.0
img_00007.png,10,183.93103448275863,230.56896551724137,58,3009,51.87931034482759
img_00007.png,11,417.2857142857143,234.5,14,454,32.42857142857143
img_00007.png,12,140.56521739130434,253.6086956521739,23,1081,47.0
img_00007.png,13,214.7910447761194,267.7910447761194,67,4432,66.14925373134328
img_00007.png,14,268.8169014084507,271.07042253521126,71,4494,63.29577464788732
img_00007.png,15,0.4,275.8,5,76,15.2
img_00007.png,16,38.30487804878049,293.1585365853659,82,3387,41.30487804878049
img_00007.png,17,192.72727272727272,298.92424242424244,66,2551,38.65151515151515
img_00007.png,18,275.27272727272725,328.6363636363636,22,969,44.04545454545455
img_00007.png,19,43.8,330.4,5,119,23.8
img_00007.png,20,385.6307692307692,362.74615384615385,130,4088,31.446153846153845
img_00007.png,21,322.61538461538464,385.84615384615387,52,3602,69.26923076923077
img_00007.png,22,202.0,393.0,13,283,21.76923076923077
img_00007.png,23,114.23529411764706,405.72549019607845,51,2332,45.72549019607843
img_00007.png,24,367.2758620689655,413.41379310344826,29,1152,39.724137931034484
img_00007.png,25,51.758620689655174,419.2068965517241,58,2670,46.03448275862069
img_00007.png,26,74.62037037037037,424.6574074074074,108,5053,46.78703703703704
img_00007.png,27,250.57894736842104,435.05263157894734,19,557,29.31578947368421
img_00007.png,28,64.375,462.19642857142856,56,3157,56.375
img_00007.png,29,225.11111111111111,461.44444444444446,18,1011,56.166666666666664
img_00007.png,30,312.4117647058824,475.88235294117646,17,555,32.64705882352941
img_00007.png,31,146.52173913043478,479.3695652173913,46,1677,36.45652173913044
img_00007.png,32,164.0,479.5,16,827,51.6875
img_00008.png,0,67.8,6.4,5,662,132.4
img_00008.png,1,421.8285714285714,29.042857142857144,70,3781,54.01428571428571
img_00008.png,2,36.535714285714285,28.285714285714285,28,1478,52.785714285714285
img_00008.png,3,171.45384615384614,44.93846153846154,130,3508,26.984615384615385
img_00008.png,4,53.7185628742515,76.77844311377245,167,5207,31.179640718562876
img_00008.png,5,394.4375,76.4375,16,340,21.25
img_00008.png,6,121.89855072463769,97.05797101449275,69,2135,30.942028985507246
img_00008.png,7,191.0,100.52941176470588,17,789,46.411764705882355
img_00008.png,8,205.4516129032258,115.16129032258064,31,1275,41.12903225806452
img_00008.png,9,284.2,115.08571428571429,35,1483,42.371428571428574
img_00008.png,10,475.2857142857143,137.71428571428572,77,1570,20.38961038961039
img_00008.png,11,70.87005649717514,151.9322033898305,177,6166,34.836158192090394
img_00008.png,12,324.3125,173.28125,32,838,26.1875
img_00008.png,13,487.44827586206895,201.58620689655172,29,1025,35.3448275862069
img_00008.png,14,374.1914893617021,224.10638297872342,47,1312,27.914893617021278
img_00008.png,15,115.5,242.28571428571428,14,349,24.928571428571427
img_00008.png,16,91.79746835443038,254.60759493670886,79,4489,56.822784810126585
img_00008.png,17,308.55,254.15,40,1346,33.65
img_00008.png,18,435.4,258.825,40,1410,35.25
img_00008.png,19,286.8,299.4,5,79,15.8
img_00008.png,20,114.18181818181819,315.1818181818182,11,229,20.818181818181817
img_00008.png,21,273.69565217391306,321.6231884057971,69,3684,53.391304347826086
img_00008.png,22,468.5806451612903,319.7741935483871,31,727,23.451612903225808
img_00008.png,23,301.3333333333333,347.125,24,1034,43.083333333333336
img_00008.png,24,281.11290322580646,361.35483870967744,62,2037,32.854838709677416
img_00008.png,25,392.0,392.59375,64,3421,53.453125
img_00008.png,26,41.05263157894737,397.92105263157896,38,1539,40.5
img_00008.png,27,259.95675675675676,406.0648648648649,185,7688,41.556756756756755
img_00008.png,28,291.1512915129151,436.51660516605165,271,10303,38.018450184501845
img_00008.png,29,481.5,445.8,10,167,16.7
img_00008.png,30,154.3846153846154,453.38461538461536,13,232,17.846153846153847
img_00008.png,31,311.4850746268657,470.8955223880597,134,4237,31.619402985074625
img_00008.png,32,100.44444444444444,471.02777777777777,36,854,23.72222222222222
img_00008.png,33,155.33333333333334,471.0,18,322,17.88888888888889
img_00008.png,34,357.3333333333333,480.0833333333333,12,240,20.0
img_00009.png,0,239.33333333333334,0.3333333333333333,3,40,13.333333333333334
img_00009.png,1,356.1818181818182,26.181818181818183,11,262,23.818181818181817
img_00009.png,2,416.7142857142857,43.095238095238095,21,997,47.476190476190474
img_00009.png,3,413.75409836065575,104.26229508196721,61,2679,43.91803278688525
img_00009.png,4,333.64285714285717,104.78571428571429,14,374,26.714285714285715
img_00009.png,5,237.44444444444446,107.29629629629629,27,1517,56.18518518518518
img_00009.png,6,276.2105263157895,109.82894736842105,76,4454,58.60526315789474
img_00009.png,7,82.18518518518519,181.1851851851852,27,1123,41.592592592592595
img_00009.png,8,95.0,183.71428571428572,7,172,24.571428571428573
img_00009.png,9,199.07407407407408,230.33333333333334,27,701,25.962962962962962
img_00009.png,10,231.66666666666666,254.95833333333334,24,966,40.25
img_00009.png,11,109.76258992805755,263.35971223021585,139,4762,34.2589928057554
img_00009.png,12,392.4166666666667,264.0416666666667,48,2057,42.854166666666664
img_00009.png,13,374.66,311.44,50,2230,44.6
img_00009.png,14,312.1694915254237,323.20338983050846,118,3577,30.3135593220339
img_00009.png,15,161.33333333333334,350.3333333333333,12,354,29.5
img_00009.png,16,127.72916666666667,392.3125,48,1998,41.625
img_00009.png,17,481.3157894736842,431.42105263157896,19,428,22.526315789473685
img_00009.png,18,237.78688524590163,450.0163934426229,61,3124,51.21311475409836
img_00009.png,19,289.88235294117646,460.5882352941176,17,529,31.11764705882353
img_00010.png,0,23.333333333333332,0.3333333333333333,3,46,15.333333333333334
img_00010.png,1,83.33333333333333,0.3333333333333333,3,32,10.666666666666666
img_00010.png,2,402.8,0.4,5,43,8.6
img_00010.png,3,322.57142857142856,32.38095238095238,21,594,28.285714285714285
img_00010.png,4,238.1304347826087,51.73913043478261,23,569,24.73913043478261
img_00010.png,5,279.63157894736844,65.13157894736842,38,1474,38.78947368421053
img_00010.png,6,257.2151898734177,102.49367088607595,79,4066,51.46835443037975
img_00010.png,7,416.3454545454546,111.96363636363637,55,1399,25.436363636363637
img_00010.png,8,129.53846153846155,208.69230769230768,13,278,21.384615384615383
img_00010.png,9,0.3333333333333333,254.33333333333334,3,24,8.0
img_00010.png,10,276.5098039215686,298.5882352941176,51,2388,46.8235294117647
img_00010.png,11,169.33333333333334,337.3333333333333,3,42,14.0
img_00010.png,12,307.88235294117646,363.4117647058824,17,392,23.058823529411764
img_00010.png,13,339.0,449.6363636363636,22,746,33.90909090909091
img_00011.png,0,394.1219512195122,26.073170731707318,41,1682,41.02439024390244
img_00011.png,1,403.45,35.15,20,794,39.7
img_00011.png,2,155.2,75.7,50,2837,56.74
img_00011.png,3,301.38461538461536,73.38461538461539,13,395,30.384615384615383
img_00011.png,4,481.35955056179773,82.19662921348315,178,5895,33.11797752808989
img_00011.png,5,310.9142857142857,80.68571428571428,35,1549,44.25714285714286
img_00011.png,6,472.8,78.8,5,97,19.4
img_00011.png,7,410.125,100.8,40,2492,62.3
img_00011.png,8,346.5652173913044,110.1304347826087,23,690,30.0
img_00011.png,9,459.8072289156627,160.2289156626506,166,5689,34.2710843373494
img_00011.png,10,322.1,189.26666666666668,30,1059,35.3
img_00011.png,11,28.25,193.9,40,1469,36.725
img_00011.png,12,453.0833333333333,196.33333333333334,12,464,38.666666666666664
img_00011.png,13,379.5777777777778,217.0222222222222,45,1426,31.68888888888889
img_00011.png,14,167.69767441860466,236.48837209302326,43,1246,28.976744186046513
img_00011.png,15,150.66233766233765,248.7922077922078,77,2682,34.83116883116883
img_00011.png,16,460.7011494252874,263.2413793103448,87,5033,57.85057471264368
img_00011.png,17,441.4,265.8,5,671,134.2
img_00011.png,18,344.0175438596491,285.2105263157895,57,2337,41.0
img_00011.png,19,420.63492063492066,302.41269841269843,63,1999,31.73015873015873
img_00011.png,20,383.3726708074534,334.30434782608694,161,7186,44.63354037267081
img_00011.png,21,118.07272727272728,337.4727272727273,55,1885,34.27272727272727
img_00011.png,22,27.641025641025642,339.15384615384613,39,1135,29.102564102564102
img_00011.png,23,453.8611111111111,340.5,36,1701,47.25
img_00011.png,24,214.96153846153845,364.5192307692308,52,2026,38.96153846153846
img_00011.png,25,262.5625,415.125,32,1374,42.9375
img_00011.png,26,438.125,441.225,40,1713,42.825
img_00011.png,27,118.55737704918033,445.75409836065575,61,1886,30.918032786885245
img_00011.png,28,336.8695652173913,445.8478260869565,46,2494,54.21739130434783
img_00011.png,29,249.390243902439,458.4390243902439,41,972,23.70731707317073
img_00012.png,0,250.33333333333334,24.333333333333332,3,717,239.0
img_00012.png,1,323.9818181818182,66.61818181818182,55,2523,45.872727272727275
img_00012.png,2,296.40909090909093,80.61363636363636,44,1584,36.0
img_00012.png,3,141.52631578947367,89.05263157894737,19,436,22.94736842105263
img_00012.png,4,477.10526315789474,121.2280701754386,57,1934,33.92982456140351
img_00012.png,5,196.72727272727272,134.36363636363637,11,128,11.636363636363637
img_00012.png,6,329.10526315789474,143.21052631578948,38,1235,32.5
img_00012.png,7,123.4047619047619,157.9047619047619,42,1366,32.523809523809526
img_00012.png,8,424.35955056179773,162.4494382022472,89,3924,44.08988764044944
img_00012.png,9,371.7307692307692,198.46153846153845,52,1369,26.326923076923077
img_00012.png,10,478.3243243243243,210.05405405405406,37,929,25.10810810810811
img_00012.png,11,234.1,217.06666666666666,30,498,16.6
img_00012.png,12,260.655737704918,264.26229508196724,61,1212,19.868852459016395
img_00012.png,13,31.395833333333332,289.9375,48,902,18.791666666666668
img_00012.png,14,369.3333333333333,289.3333333333333,3,21,7.0
img_00012.png,15,354.8032786885246,317.21311475409834,61,2797,45.85245901639344
img_00012.png,16,257.0,327.7142857142857,7,910,130.0
img_00012.png,17,77.72368421052632,335.56140350877195,228,6147,26.960526315789473
img_00012.png,18,105.8,376.24,25,720,28.8
img_00012.png,19,467.72222222222223,400.9166666666667,36,1045,29.02777777777778
img_00012.png,20,148.83928571428572,405.67857142857144,56,2165,38.660714285714285
img_00012.png,21,240.74285714285713,421.54285714285714,35,583,16.65714285714286
img_00013.png,0,105.046783625731,26.49122807017544,171,4537,26.53216374269006
img_00013.png,1,462.93939393939394,37.43939393939394,66,2438,36.93939393939394
img_00013.png,2,409.5769230769231,47.87179487179487,156,4217,27.03205128205128
img_00013.png,3,159.43827160493828,55.574074074074076,162,4892,30.19753086419753
img_00013.png,4,78.83333333333333,53.833333333333336,6,103,17.166666666666668
img_00013.png,5,115.17948717948718,62.94871794871795,78,2139,27.423076923076923
img_00013.png,6,438.74603174603175,62.285714285714285,63,2934,46.57142857142857
img_00013.png,7,148.48648648648648,107.05405405405405,37,719,19.43243243243243
img_00013.png,8,200.6875,125.6875,16,455,28.4375
img_00013.png,9,71.38888888888889,145.27777777777777,18,326,18.11111111111111
img_00013.png,10,223.91666666666666,154.30555555555554,36,1976,54.888888888888886
img_00013.png,11,117.14545454545454,175.27272727272728,55,970,17.636363636363637
img_00013.png,12,235.16363636363636,192.5818181818182,55,2730,49.63636363636363
img_00013.png,13,458.3333333333333,188.33333333333334,3,685,228.33333333333334
img_00013.png,14,153.7719298245614,216.8421052631579,57,2563,44.96491228070175
img_00013.png,15,186.0281690140845,230.3450704225352,142,5252,36.985915492957744
img_00013.png,16,160.92857142857142,227.96428571428572,28,581,20.75
img_00013.png,17,282.02702702702703,260.2972972972973,37,1436,38.810810810810814
img_00013.png,18,205.66666666666666,278.26666666666665,15,356,23.733333333333334
img_00013.png,19,266.13793103448273,314.48768472906403,203,7541,37.14778325123153
img_00013.png,20,104.29591836734694,316.83673469387753,98,2016,20.571428571428573
img_00013.png,21,435.3478260869565,335.39130434782606,23,645,28.043478260869566
img_00013.png,22,152.33333333333334,346.3333333333333,3,592,197.33333333333334
img_00013.png,23,95.53153153153153,353.81081081081084,111,2936,26.45045045045045
img_00013.png,24,64.44,360.76,50,2165,43.3
img_00013.png,25,325.9130434782609,374.04347826086956,23,828,36.0
img_00013.png,26,359.61538461538464,378.86538461538464,52,1638,31.5
img_00013.png,27,95.6,387.78333333333336,60,2075,34.583333333333336
img_00013.png,28,66.92857142857143,393.92857142857144,42,1129,26.88095238095238
img_00013.png,29,293.0470588235294,414.0705882352941,85,4704,55.34117647058824
img_00013.png,30,281.64285714285717,433.14285714285717,14,340,24.285714285714285
img_00013.png,31,312.05454545454546,474.8181818181818,110,3813,34.663636363636364
img_00014.png,0,414.3333333333333,39.333333333333336,3,525,175.0
img_00014.png,1,165.28571428571428,65.21428571428571,42,1205,28.69047619047619
img_00014.png,2,173.0,70.52,25,558,22.32
img_00014.png,3,473.375,104.0625,16,419,26.1875
img_00014.png,4,496.8333333333333,103.83333333333333,6,655,109.16666666666667
img_00014.png,5,427.64,140.04,25,500,20.0
img_00014.png,6,463.7162162162162,143.16216216216216,74,2516,34.0
img_00014.png,7,229.34615384615384,186.34615384615384,26,835,32.11538461538461
img_00014.png,8,379.64516129032256,253.06451612903226,31,728,23.483870967741936
img_00014.png,9,309.63157894736844,255.73684210526315,19,659,34.68421052631579
img_00014.png,10,260.67088607594934,309.5822784810127,79,3216,40.70886075949367
img_00014.png,11,177.53333333333333,322.2,105,2542,24.20952380952381
img_00014.png,12,107.88372093023256,322.1860465116279,43,1464,34.04651162790697
img_00014.png,13,483.375,354.5833333333333,24,473,19.708333333333332
img_00014.png,14,167.33695652173913,364.7173913043478,92,2357,25.619565217391305
img_00014.png,15,160.41176470588235,387.01960784313724,51,2518,49.372549019607845
img_00014.png,16,381.41379310344826,387.9655172413793,29,1327,45.758620689655174
img_00014.png,17,53.575,408.34,200,6049,30.245
img_00014.png,18,67.0625,413.75,16,352,22.0
img_00014.png,19,118.8076923076923,439.28846153846155,52,1341,25.78846153846154
img_00014.png,20,339.5,451.0,16,404,25.25
img_00014.png,21,397.8095238095238,460.8095238095238,63,2319,36.80952380952381
img_00014.png,22,279.9166666666667,468.1388888888889,36,1208,33.55555555555556
img_00014.png,23,184.33333333333334,495.3333333333333,3,615,205.0
img_00015.png,0,97.0,66.0,14,695,49.642857142857146
img_00015.png,1,40.851485148514854,97.38613861386139,101,2642,26.15841584158416
img_00015.png,2,437.7073170731707,132.0487804878049,41,2241,54.65853658536585
img_00015.png,3,209.35087719298247,150.35087719298247,57,2058,36.10526315789474
img_00015.png,4,301.3235294117647,152.1764705882353,34,1805,53.088235294117645
img_00015.png,5,276.4782608695652,159.3695652173913,46,1756,38.17391304347826
img_00015.png,6,335.8125,163.1875,16,444,27.75
img_00015.png,7,265.8,197.4,5,119,23.8
img_00015.png,8,62.88235294117647,210.58823529411765,17,757,44.529411764705884
img_00015.png,9,133.71428571428572,209.0,7,155,22.142857142857142
img_00015.png,10,381.0952380952381,231.0952380952381,21,701,33.38095238095238
img_00015.png,11,200.42424242424244,243.75757575757575,33,1911,57.90909090909091
img_00015.png,12,129.51470588235293,248.47058823529412,68,2801,41.19117647058823
img_00015.png,13,83.36666666666666,278.4,30,1023,34.1
img_00015.png,14,77.28846153846153,284.86538461538464,52,1298,24.96153846153846
img_00015.png,15,293.1111111111111,318.6111111111111,36,994,27.61111111111111
img_00015.png,16,486.2903225806452,360.7096774193548,31,1369,44.16129032258065
img_00015.png,17,226.5079365079365,370.031746031746,63,3543,56.23809523809524
img_00015.png,18,304.27450980392155,376.7843137254902,51,2056,40.31372549019608
img_00015.png,19,104.97727272727273,387.77272727272725,44,1635,37.15909090909091
img_00015.png,20,426.3333333333333,436.3333333333333,3,686,228.66666666666666
img_00015.png,21,49.04,449.24,25,1058,42.32
img_00015.png,22,371.0,487.7142857142857,7,659,94.14285714285714
img_00016.png,0,357.75,37.84375,64,2905,45.390625
img_00016.png,1,256.4,57.8,5,109,21.8
img_00016.png,2,260.9828767123288,73.08561643835617,292,12301,42.12671232876713
img_00016.png,3,315.3333333333333,61.875,24,734,30.583333333333332
img_00016.png,4,256.59090909090907,87.27272727272727,22,462,21.0
img_00016.png,5,334.875,95.875,8,194,24.25
img_00016.png,6,409.45454545454544,115.0,11,295,26.818181818181817
img_00016.png,7,236.10714285714286,125.10714285714286,28,1406,50.214285714285715
img_00016.png,8,297.2068965517241,153.75862068965517,87,3414,39.241379310344826
img_00016.png,9,69.4927536231884,169.47826086956522,69,3647,52.85507246376812
img_00016.png,10,28.835616438356166,172.13698630136986,73,3517,48.178082191780824
img_00016.png,11,238.54166666666666,185.75,24,1264,52.666666666666664
img_00016.png,12,448.94444444444446,192.61111111111111,18,425,23.61111111111111
img_00016.png,13,426.0070921985816,218.68794326241135,141,5831,41.354609929078016
img_00016.png,14,100.48275862068965,228.3448275862069,29,1165,40.172413793103445
img_00016.png,15,341.5,233.8,10,183,18.3
img_00016.png,16,198.66153846153847,252.43076923076924,65,2703,41.58461538461538
img_00016.png,17,398.14285714285717,271.6666666666667,21,992,47.23809523809524
img_00016.png,18,420.375,273.0833333333333,24,1113,46.375
img_00016.png,19,378.75,280.75,20,876,43.8
img_00016.png,20,213.07272727272726,299.41818181818184,55,1585,28.818181818181817
img_00016.png,21,26.130434782608695,327.1304347826087,23,1024,44.52173913043478
img_00016.png,22,199.52941176470588,352.5882352941176,34,1830,53.8235294117647
img_00016.png,23,151.6046511627907,364.8837209302326,43,1378,32.04651162790697
img_00016.png,24,400.3529411764706,366.1764705882353,17,783,46.05882352941177
img_00016.png,25,203.1086956521739,373.10869565217394,46,2139,46.5
img_00016.png,26,398.49,381.28,100,3970,39.7
img_00016.png,27,296.8,387.4,5,107,21.4
img_00016.png,28,313.7173913043478,389.1521739130435,46,1794,39.0
img_00016.png,29,203.42,403.72,100,2664,26.64
img_00016.png,30,403.8,411.24,25,1141,45.64
img_00016.png,31,478.5263157894737,466.64473684210526,76,4252,55.94736842105263
img_00017.png,0,222.0,45.473684210526315,19,616,32.421052631578945
img_00017.png,1,235.47093023255815,52.30232558139535,172,8071,46.924418604651166
img_00017.png,2,228.5625,80.625,16,569,35.5625
img_00017.png,3,124.8,97.4,5,654,130.8
img_00017.png,4,400.6585365853659,150.1951219512195,41,2207,53.829268292682926
img_00017.png,5,173.05,181.13333333333333,60,2223,37.05
img_00017.png,6,309.5,185.875,16,407,25.4375
img_00017.png,7,93.08333333333333,225.33333333333334,12,605,50.416666666666664
img_00017.png,8,227.8,243.8,5,115,23.0
img_00017.png,9,441.6326530612245,274.38775510204084,49,1975,40.30612244897959
img_00017.png,10,353.61224489795916,363.44897959183675,49,2333,47.61224489795919
img_00017.png,11,371.734693877551,397.0204081632653,49,2333,47.61224489795919
img_00017.png,12,227.6551724137931,414.9310344827586,87,2625,30.17241379310345
img_00017.png,13,172.71604938271605,417.7901234567901,81,4515,55.74074074074074
img_00017.png,14,353.48275862068965,420.6551724137931,29,1216,41.93103448275862
img_00017.png,15,311.7692307692308,429.2307692307692,13,296,22.76923076923077
img_00017.png,16,67.29411764705883,475.70588235294116,17,675,39.705882352941174
img_00017.png,17,193.5,477.5,12,385,32.083333333333336
img_00018.png,0,484.51724137931035,37.94252873563219,87,3277,37.666666666666664
img_00018.png,1,292.55555555555554,60.351851851851855,54,2360,43.7037037037037
img_00018.png,2,224.65384615384616,81.34615384615384,26,900,34.61538461538461
img_00018.png,3,422.0357142857143,133.60714285714286,28,1466,52.357142857142854
img_00018.png,4,330.88235294117646,161.3235294117647,34,603,17.735294117647058
img_00018.png,5,211.93406593406593,219.95604395604394,91,4161,45.72527472527472
img_00018.png,6,358.1304347826087,224.7826086956522,23,899,39.08695652173913
img_00018.png,7,394.65714285714284,249.26857142857142,175,4544,25.965714285714284
img_00018.png,8,155.6140350877193,258.3157894736842,57,1870,32.80701754385965
img_00018.png,9,139.47272727272727,301.74545454545455,55,1971,35.836363636363636
img_00018.png,10,277.7,302.2,30,518,17.266666666666666
img_00018.png,11,280.6666666666667,298.6666666666667,6,97,16.166666666666668
img_00018.png,12,353.7111111111111,307.7111111111111,45,1072,23.822222222222223
img_00018.png,13,407.8888888888889,357.5238095238095,63,2471,39.22222222222222
img_00018.png,14,212.26666666666668,365.53333333333336,30,1330,44.333333333333336
img_00018.png,15,236.60593220338984,371.54237288135596,236,9904,41.96610169491525
img_00018.png,16,452.5777777777778,409.9555555555556,45,1831,40.68888888888889
img_00018.png,17,353.2705882352941,436.67058823529413,85,2311,27.188235294117646
img_00018.png,18,110.36538461538461,480.3076923076923,52,2454,47.19230769230769
img_00019.png,0,444.85,24.9,20,352,17.6
img_00019.png,1,181.40740740740742,46.25925925925926,27,1470,54.44444444444444
img_00019.png,2,301.57142857142856,57.4,35,1700,48.57142857142857
img_00019.png,3,196.72222222222223,102.42592592592592,54,1907,35.31481481481482
img_00019.png,4,197.8,135.24,25,981,39.24
img_00019.png,5,284.8,180.48888888888888,180,6554,36.41111111111111
img_00019.png,6,114.70491803278688,188.68852459016392,61,2193,35.950819672131146
img_00019.png,7,229.27906976744185,194.1627906976744,43,952,22.13953488372093
img_00019.png,8,45.82222222222222,206.33333333333334,45,1827,40.6
img_00019.png,9,273.9032258064516,207.4516129032258,31,594,19.161290322580644
img_00019.png,10,233.1818181818182,230.1818181818182,11,367,33.36363636363637
img_00019.png,11,207.1012658227848,243.37974683544303,237,9320,39.324894514767934
img_00019.png,12,95.33191489361703,245.43829787234043,235,7883,33.54468085106383
img_00019.png,13,434.75,264.5416666666667,24,942,39.25
img_00019.png,14,236.23076923076923,272.2307692307692,13,238,18.307692307692307
img_00019.png,15,184.09195402298852,334.6896551724138,87,3775,43.39080459770115
img_00019.png,16,409.8076923076923,359.2692307692308,78,4263,54.65384615384615
img_00019.png,17,55.0735294117647,370.3970588235294,68,2752,40.470588235294116
img_00019.png,18,139.58522727272728,399.15909090909093,176,4782,27.170454545454547
img_00019.png,19,300.75,437.65,20,380,19.0
img_00019.png,20,310.958904109589,445.7808219178082,73,2498,34.21917808219178
img_00019.png,21,243.84285714285716,461.25714285714287,70,1255,17.928571428571427
img_00019.png,22,230.66666666666666,467.2735042735043,117,2814,24.05128205128205
img_00019.png,23,240.825,484.95,40,1960,49.0
img_00020.png,0,327.38461538461536,28.56923076923077,65,3538,54.43076923076923
img_00020.png,1,78.84615384615384,31.323076923076922,65,4083,62.815384615384616
img_00020.png,2,448.25925925925924,32.18518518518518,54,2261,41.870370370370374
img_00020.png,3,296.0,52.388888888888886,36,1805,50.138888888888886
img_00020.png,4,259.0,63.421052631578945,38,2245,59.078947368421055
img_00020.png,5,304.2631578947368,103.30263157894737,76,4277,56.276315789473685
img_00020.png,6,86.33333333333333,107.08333333333333,12,523,43.583333333333336
img_00020.png,7,76.1,131.95,20,658,32.9
img_00020.png,8,139.36,156.08,25,643,25.72
img_00020.png,9,369.6779661016949,172.66101694915255,59,2972,50.3728813559322
img_00020.png,10,416.1111111111111,185.11111111111111,9,192,21.333333333333332
img_00020.png,11,122.28571428571429,188.5,14,449,32.07142857142857
img_00020.png,12,56.270833333333336,196.625,48,2563,53.395833333333336
img_00020.png,13,439.1818181818182,209.3409090909091,44,1504,34.18181818181818
img_00020.png,14,115.8,209.4,5,86,17.2
img_00020.png,15,80.21818181818182,218.8,55,2991,54.38181818181818
img_00020.png,16,263.4318181818182,258.65909090909093,44,2040,46.36363636363637
img_00020.png,17,249.71666666666667,278.1,60,2839,47.31666666666667
img_00020.png,18,186.65,297.525,40,1692,42.3
img_00020.png,19,405.625,312.5625,48,2113,44.020833333333336
img_00020.png,20,60.49101796407186,324.77245508982037,167,7508,44.958083832335326
img_00020.png,21,253.3783783783784,338.13513513513516,37,1136,30.7027027027027
img_00020.png,22,416.0,335.53846153846155,13,359,27.615384615384617
img_00020.png,23,320.7931034482759,338.1034482758621,29,1124,38.758620689655174
img_00020.png,24,367.52,345.26,50,1942,38.84
img_00020.png,25,402.5833333333333,348.71666666666664,60,2709,45.15
img_00020.png,26,155.1851851851852,373.18518518518516,27,1457,53.96296296296296
img_00020.png,27,388.2736842105263,388.4842105263158,95,2617,27.54736842105263
img_00020.png,28,388.0,395.7142857142857,7,132,18.857142857142858
img_00020.png,29,189.53125,419.015625,64,3069,47.953125
img_00020.png,30,346.8690476190476,421.64285714285717,84,2099,24.988095238095237
img_00020.png,31,141.04347826086956,424.60869565217394,23,516,22.434782608695652
img_00020.png,32,139.33333333333334,442.3333333333333,3,61,20.333333333333332
img_00021.png,0,448.62204724409446,58.92913385826772,127,2590,20.393700787401574
img_00021.png,1,147.23170731707316,87.14634146341463,82,3660,44.63414634146341
img_00021.png,2,95.22857142857143,88.70476190476191,105,2160,20.571428571428573
img_00021.png,3,348.859649122807,135.56140350877192,57,2258,39.6140350877193
img_00021.png,4,362.15737704918035,175.02622950819674,305,11394,37.35737704918033
img_00021.png,5,136.453125,186.1875,64,1795,28.046875
img_00021.png,6,106.49137931034483,223.13793103448276,116,2554,22.017241379310345
img_00021.png,7,306.4,228.06,50,953,19.06
img_00021.png,8,86.68,249.89333333333335,150,6053,40.35333333333333
img_00021.png,9,405.5,317.2857142857143,14,315,22.5
img_00021.png,10,157.80645161290323,349.19354838709677,31,679,21.903225806451612
img_00021.png,11,464.93457943925233,372.86915887850466,107,2451,22.906542056074766
img_00021.png,12,247.37704918032787,381.8196721311475,61,2597,42.57377049180328
img_00021.png,13,366.65555555555557,391.49444444444447,180,6798,37.766666666666666
img_00021.png,14,131.89361702127658,416.25531914893617,94,5412,57.57446808510638
img_00021.png,15,370.60714285714283,415.85714285714283,28,844,30.142857142857142
img_00021.png,16,391.2549019607843,418.3529411764706,51,1396,27.372549019607842
img_00021.png,17,256.952,438.68,125,4779,38.232
img_00021.png,18,197.4,449.8,5,63,12.6
img_00021.png,19,425.5328947368421,455.54605263157896,152,5148,33.86842105263158
img_00021.png,20,479.7739726027397,459.4657534246575,146,5293,36.25342465753425
img_00021.png,21,407.3333333333333,465.44444444444446,27,478,17.703703703703702
img_00022.png,0,176.33333333333334,0.3333333333333333,3,19,6.333333333333333
img_00022.png,1,485.85714285714283,43.83673469387755,49,637,13.0
img_00022.png,2,232.6,82.08571428571429,35,1045,29.857142857142858
img_00022.png,3,396.0952380952381,90.57142857142857,63,1259,19.984126984126984
img_00022.png,4,444.22222222222223,123.0,90,3126,34.733333333333334
img_00022.png,5,239.97084548104957,210.75510204081633,343,12358,36.029154518950435
img_00022.png,6,66.65,259.0857142857143,140,2110,15.071428571428571
img_00022.png,7,345.5190476190476,363.9,210,6457,30.747619047619047
img_00022.png,8,368.5,419.77941176470586,68,1370,20.147058823529413
img_00023.png,0,149.69014084507043,47.59154929577465,71,2327,32.774647887323944
img_00023.png,1,357.725,90.075,40,1891,47.275
img_00023.png,2,28.666666666666668,98.5,30,1381,46.03333333333333
img_00023.png,3,310.69565217391306,155.43478260869566,46,1362,29.608695652173914
img_00023.png,4,189.2970297029703,251.02970297029702,303,10486,34.60726072607261
img_00023.png,5,45.54545454545455,246.57575757575756,33,912,27.636363636363637
img_00023.png,6,416.29411764705884,312.03921568627453,51,1500,29.41176470588235
img_00023.png,7,418.93589743589746,361.0897435897436,78,2963,37.98717948717949
img_00023.png,8,245.33333333333334,382.48333333333335,60,1817,30.283333333333335
img_00023.png,9,272.5238095238095,385.5238095238095,63,1922,30.50793650793651
img_00023.png,10,230.46153846153845,440.9230769230769,52,1804,34.69230769230769
img_00023.png,11,179.6734693877551,444.42857142857144,49,1071,21.857142857142858
img_00023.png,12,360.48192771084337,451.69879518072287,83,2712,32.674698795180724
img_00024.png,0,262.8,0.4,5,39,7.8
img_00024.png,1,462.3333333333333,0.3333333333333333,3,33,11.0
img_00024.png,2,323.8082191780822,57.73972602739726,73,2931,40.15068493150685
img_00024.png,3,413.1330275229358,64.96330275229357,218,7079,32.472477064220186
img_00024.png,4,212.7391304347826,78.43478260869566,23,791,34.391304347826086
img_00024.png,5,242.57692307692307,121.94017094017094,234,7134,30.487179487179485
img_00024.png,6,469.74342105263156,208.0921052631579,152,6191,40.73026315789474
img_00024.png,7,183.0,239.62857142857143,35,1061,30.314285714285713
img_00024.png,8,261.8407643312102,301.02547770700636,157,5745,36.59235668789809
img_00024.png,9,115.48076923076923,313.15384615384613,52,1301,25.01923076923077
img_00024.png,10,332.38461538461536,323.38461538461536,13,414,31.846153846153847
img_00024.png,11,250.26415094339623,396.83962264150944,106,2068,19.50943396226415
img_00024.png,12,213.1875,396.1875,16,326,20.375
img_00024.png,13,299.05970149253733,418.43283582089555,67,1029,15.35820895522388
img_00024.png,14,276.3333333333333,430.3333333333333,3,557,185.66666666666666
img_00024.png,15,19.333333333333332,451.3333333333333,3,522,174.0
img_00024.png,16,154.78571428571428,462.26190476190476,42,2071,49.30952380952381
img_00025.png,0,237.33333333333334,0.3333333333333333,3,42,14.0
img_00025.png,1,363.5,41.916666666666664,60,2491,41.516666666666666
img_00025.png,2,26.875,61.875,8,118,14.75
img_00025.png,3,478.75,134.36111111111111,72,3793,52.68055555555556
img_00025.png,4,380.7,149.51666666666668,60,2525,42.083333333333336
img_00025.png,5,278.5,180.8,10,185,18.5
img_00025.png,6,429.57142857142856,196.16233766233765,154,4256,27.636363636363637
img_00025.png,7,166.08823529411765,199.58823529411765,34,934,27.470588235294116
img_00025.png,8,119.93333333333334,219.6,15,359,23.933333333333334
img_00025.png,9,92.71428571428571,224.0,7,123,17.571428571428573
img_00025.png,10,0.3333333333333333,244.33333333333334,3,31,10.333333333333334
img_00025.png,11,489.0,254.0,31,885,28.548387096774192
img_00025.png,12,239.33333333333334,289.3333333333333,3,52,17.333333333333332
img_00025.png,13,257.4555555555556,298.56666666666666,90,4593,51.03333333333333
img_00025.png,14,260.0967741935484,311.80645161290323,31,813,26.225806451612904
img_00025.png,15,298.62857142857143,341.92857142857144,70,3114,44.48571428571429
img_00025.png,16,460.1818181818182,354.1818181818182,22,708,32.18181818181818
img_00025.png,17,297.02054794520546,377.67123287671234,146,5687,38.95205479452055
img_00025.png,18,395.1508771929825,390.8456140350877,285,11594,40.680701754385964
img_00025.png,19,197.33333333333334,395.0,18,722,40.111111111111114
img_00025.png,20,467.7352941176471,435.0,34,1091,32.088235294117645
img_00025.png,21,341.0833333333333,435.3333333333333,12,386,32.166666666666664
img_00025.png,22,371.48387096774195,448.56451612903226,62,3224,52.0
img_00025.png,23,386.8666666666667,467.8,30,1059,35.3
img_00025.png,24,111.33707865168539,476.6292134831461,89,2662,29.910112359550563
img_00025.png,25,29.526315789473685,481.2631578947368,19,543,28.57894736842105
img_00026.png,0,430.90909090909093,29.575757575757574,33,1659,50.27272727272727
img_00026.png,1,479.26666666666665,34.31111111111111,45,1296,28.8
img_00026.png,2,353.8333333333333,36.06666666666667,30,1042,34.733333333333334
img_00026.png,3,104.8,90.4,5,701,140.2
img_00026.png,4,153.25,120.625,8,941,117.625
img_00026.png,5,119.875,153.875,8,750,93.75
img_00026.png,6,46.666666666666664,200.55555555555554,9,162,18.0
img_00026.png,7,418.1,219.96666666666667,30,691,23.033333333333335
img_00026.png,8,63.52307692307692,245.2923076923077,65,3129,48.13846153846154
img_00026.png,9,48.666666666666664,294.53333333333336,15,528,35.2
img_00026.png,10,178.4468085106383,342.70212765957444,94,3080,32.765957446808514
img_00026.png,11,144.16535433070865,354.503937007874,127,3565,28.070866141732285
img_00026.png,12,436.56140350877195,358.1578947368421,57,2380,41.75438596491228
img_00026.png,13,339.5076923076923,366.96923076923076,65,2696,41.47692307692308
img_00026.png,14,181.0,395.5,10,168,16.8
img_00026.png,15,308.10526315789474,417.07894736842104,38,1552,40.8421052631579
img_00026.png,16,350.246835443038,446.6835443037975,158,6591,41.71518987341772
img_00026.png,17,369.4848484848485,458.2121212121212,33,1779,53.90909090909091
img_00027.png,0,391.45714285714286,69.6,70,3596,51.371428571428574
img_00027.png,1,237.24,73.8,25,1122,44.88
img_00027.png,2,290.93333333333334,93.46666666666667,15,262,17.466666666666665
img_00027.png,3,336.85714285714283,153.3,70,3116,44.51428571428571
img_00027.png,4,200.35616438356163,170.82191780821918,73,3922,53.726027397260275
img_00027.png,5,232.66666666666666,225.125,24,497,20.708333333333332
img_00027.png,6,371.09375,312.9375,64,3097,48.390625
img_00027.png,7,46.852760736196316,328.9509202453988,163,5871,36.01840490797546
img_00027.png,8,356.1111111111111,353.8333333333333,18,339,18.833333333333332
img_00028.png,0,329.65,37.65,40,871,21.775
img_00028.png,1,124.73809523809524,72.0952380952381,42,1950,46.42857142857143
img_00028.png,2,147.1304347826087,75.65217391304348,46,1332,28.956521739130434
img_00028.png,3,180.26271186440678,83.27966101694915,236,7191,30.470338983050848
img_00028.png,4,108.33333333333333,204.33333333333334,3,674,224.66666666666666
img_00028.png,5,331.62068965517244,211.1551724137931,58,857,14.775862068965518
img_00028.png,6,127.55555555555556,223.11111111111111,18,323,17.944444444444443
img_00028.png,7,239.28985507246378,285.18840579710144,69,2339,33.89855072463768
img_00028.png,8,248.21978021978023,293.38461538461536,91,2930,32.1978021978022
img_00028.png,9,105.93548387096774,311.7096774193548,31,644,20.774193548387096
img_00028.png,10,390.3,348.46666666666664,60,2668,44.46666666666667
img_00028.png,11,458.35087719298247,361.4561403508772,57,2727,47.8421052631579
img_00028.png,12,480.8013698630137,390.2260273972603,146,3310,22.671232876712327
img_00028.png,13,166.29608938547486,396.2849162011173,179,5724,31.977653631284916
img_00028.png,14,145.87179487179486,401.2307692307692,39,791,20.28205128205128
img_00028.png,15,236.96428571428572,437.8452380952381,84,3539,42.13095238095238
img_00028.png,16,449.34615384615387,445.34615384615387,26,1169,44.96153846153846
img_00028.png,17,62.8,449.4,5,44,8.8
img_00028.png,18,402.8,457.24,25,720,28.8
img_00028.png,19,39.333333333333336,500.3333333333333,3,661,220.33333333333334
img_00029.png,0,58.05263157894737,64.73684210526316,38,873,22.973684210526315
img_00029.png,1,92.29032258064517,86.29032258064517,31,961,31.0
img_00029.png,2,291.6458333333333,98.14583333333333,48,1198,24.958333333333332
img_00029.png,3,398.5,102.39285714285714,28,725,25.892857142857142
img_00029.png,4,66.75,105.625,24,488,20.333333333333332
img_00029.png,5,429.6551724137931,118.41379310344827,29,492,16.96551724137931
img_00029.png,6,456.04761904761904,121.07142857142857,42,848,20.19047619047619
img_00029.png,7,377.0416666666667,125.20833333333333,24,919,38.291666666666664
img_00029.png,8,183.15,146.75,20,258,12.9
img_00029.png,9,253.5,169.28571428571428,14,324,23.142857142857142
img_00029.png,10,170.4516129032258,192.29032258064515,31,931,30.032258064516128
img_00029.png,11,365.63157894736844,207.26315789473685,38,884,23.263157894736842
img_00029.png,12,37.361702127659576,213.5531914893617,94,5054,53.765957446808514
img_00029.png,13,87.73863636363636,222.26704545454547,176,6200,35.22727272727273
img_00029.png,14,466.4074074074074,217.92592592592592,27,950,35.18518518518518
img_00029.png,15,345.29787234042556,258.1063829787234,47,2417,51.42553191489362
img_00029.png,16,288.2830188679245,294.8867924528302,53,1217,22.962264150943398
img_00029.png,17,134.5,295.8,10,121,12.1
img_00029.png,18,361.37142857142857,317.77142857142854,35,1013,28.942857142857143
img_00029.png,19,39.858823529411765,322.9647058823529,85,2972,34.96470588235294
img_00029.png,20,225.72916666666666,331.125,48,2270,47.291666666666664
img_00029.png,21,172.4148148148148,348.94814814814816,135,4538,33.614814814814814
img_00029.png,22,218.36666666666667,357.85,60,1579,26.316666666666666
img_00029.png,23,105.0,421.8225806451613,62,2245,36.20967741935484
img_00029.png,24,182.5,439.5181818181818,220,6795,30.886363636363637
img_00029.png,25,202.6216216216216,437.9189189189189,37,906,24.486486486486488
img_00030.png,0,79.33333333333333,0.3333333333333333,3,29,9.666666666666666
img_00030.png,1,85.87939698492463,57.71356783919598,199,4772,23.979899497487438
img_00030.png,2,154.5,112.70588235294117,34,1376,40.470588235294116
img_00030.png,3,264.06666666666666,140.84444444444443,45,1434,31.866666666666667
img_00030.png,4,310.1111111111111,139.77777777777777,9,132,14.666666666666666
img_00030.png,5,432.741935483871,160.3548387096774,31,980,31.612903225806452
img_00030.png,6,341.72972972972974,190.3108108108108,74,2852,38.54054054054054
img_00030.png,7,59.044117647058826,214.5735294117647,68,2736,40.23529411764706
img_00030.png,8,305.3333333333333,243.33333333333334,3,53,17.666666666666668
img_00030.png,9,167.65384615384616,250.6153846153846,26,434,16.692307692307693
img_00030.png,10,228.6315789473684,259.7631578947368,38,677,17.81578947368421
img_00030.png,11,102.8125,269.875,48,2301,47.9375
img_00030.png,12,70.18181818181819,314.1818181818182,11,271,24.636363636363637
img_00030.png,13,458.79411764705884,318.0,68,3084,45.35294117647059
img_00030.png,14,87.25925925925925,332.3009259259259,216,6200,28.703703703703702
img_00030.png,15,52.901408450704224,330.83098591549293,71,3352,47.2112676056338
img_00030.png,16,425.875,378.875,8,119,14.875
img_00030.png,17,306.2371134020619,388.3298969072165,97,3089,31.84536082474227
img_00030.png,18,395.0,388.77777777777777,27,1029,38.111111111111114
img_00030.png,19,396.2704402515723,411.8301886792453,159,4992,31.39622641509434
img_00030.png,20,427.11764705882354,414.7352941176471,68,2471,36.338235294117645
img_00030.png,21,348.3272727272727,425.74545454545455,55,1380,25.09090909090909
img_00030.png,22,420.93333333333334,430.32,75,1535,20.466666666666665
img_00030.png,23,251.82456140350877,475.1929824561403,57,2535,44.473684210526315
img_00031.png,0,98.55555555555556,46.111111111111114,9,133,14.777777777777779
img_00031.png,1,262.0735294117647,74.13235294117646,68,2615,38.455882352941174
img_00031.png,2,442.73333333333335,202.22222222222223,90,2475,27.5
img_00031.png,3,385.2291666666667,219.25,48,1973,41.104166666666664
img_00031.png,4,398.75,220.17307692307693,52,2576,49.53846153846154
img_00031.png,5,197.6,293.74545454545455,55,2065,37.54545454545455
img_00031.png,6,74.77011494252874,306.4022988505747,87,2894,33.264367816091955
img_00031.png,7,410.15909090909093,315.125,88,1940,22.045454545454547
img_00031.png,8,432.83687943262413,344.2340425531915,141,4761,33.765957446808514
img_00031.png,9,306.1764705882353,343.3529411764706,68,2385,35.0735294117647
img_00031.png,10,428.5,379.2142857142857,28,1092,39.0
img_00031.png,11,356.375,393.4583333333333,48,1466,30.541666666666668
img_00031.png,12,428.5,426.5,12,369,30.75
img_00031.png,13,411.0,451.25,8,171,21.375
img_00031.png,14,362.53146853146853,469.3986013986014,143,5412,37.84615384615385
img_00031.png,15,473.6222222222222,486.4888888888889,45,1348,29.955555555555556
img_00032.png,0,90.14492753623189,28.71014492753623,69,2125,30.797101449275363
img_00032.png,1,339.75757575757575,37.57575757575758,33,832,25.21212121212121
img_00032.png,2,244.71929824561403,66.70175438596492,57,2775,48.68421052631579
img_00032.png,3,361.06666666666666,93.73333333333333,15,323,21.533333333333335
img_00032.png,4,234.59459459459458,101.4054054054054,37,1185,32.027027027027025
img_00032.png,5,307.2307692307692,172.23076923076923,13,282,21.692307692307693
img_00032.png,6,228.04347826086956,180.2173913043478,23,483,21.0
img_00032.png,7,39.223880597014926,195.9402985074627,67,3672,54.80597014925373
img_00032.png,8,461.7903225806452,197.83870967741936,62,2483,40.04838709677419
img_00032.png,9,354.5232558139535,206.15116279069767,86,2654,30.86046511627907
img_00032.png,10,338.8192771084337,209.3012048192771,83,3299,39.74698795180723
img_00032.png,11,281.508547008547,218.95726495726495,234,7416,31.692307692307693
img_00032.png,12,374.6363636363636,214.0,22,830,37.72727272727273
img_00032.png,13,308.52542372881356,222.08474576271186,59,1545,26.1864406779661
img_00032.png,14,398.53125,224.6875,32,894,27.9375
img_00032.png,15,50.63636363636363,259.8636363636364,66,2111,31.984848484848484
img_00032.png,16,191.0810810810811,258.18918918918916,37,1017,27.486486486486488
img_00032.png,17,128.3181818181818,293.72727272727275,22,375,17.045454545454547
img_00032.png,18,265.7647058823529,328.3529411764706,17,378,22.235294117647058
img_00032.png,19,371.8421052631579,362.8421052631579,19,781,41.10526315789474
img_00032.png,20,445.7073170731707,385.1707317073171,41,2004,48.8780487804878
img_00032.png,21,184.82456140350877,392.50877192982455,57,1008,17.68421052631579
img_00032.png,22,357.0,393.5882352941176,17,249,14.647058823529411
img_00032.png,23,127.41666666666667,407.80555555555554,36,834,23.166666666666668
img_00032.png,24,403.77777777777777,408.1111111111111,9,141,15.666666666666666
img_00032.png,25,393.24242424242425,416.5151515151515,33,961,29.12121212121212
img_00032.png,26,461.02941176470586,433.3235294117647,34,1296,38.11764705882353
img_00032.png,27,494.6666666666667,441.6666666666667,6,492,82.0
img_00032.png,28,42.02857142857143,447.77142857142854,35,883,25.228571428571428
img_00032.png,29,349.7,458.425,40,867,21.675
img_00032.png,30,383.91954022988506,463.7816091954023,87,3520,40.45977011494253
img_00032.png,31,340.8181818181818,471.1363636363636,22,349,15.863636363636363
img_00032.png,32,197.32850241545893,483.7004830917874,207,4967,23.995169082125603
img_00033.png,0,320.74675324675326,43.02597402597402,154,6810,44.22077922077922
img_00033.png,1,255.25,65.875,8,164,20.5
img_00033.png,2,260.3333333333333,64.33333333333333,3,59,19.666666666666668
img_00033.png,3,262.5943396226415,101.63207547169812,106,2313,21.82075471698113
img_00033.png,4,383.125,104.8125,48,2075,43.229166666666664
img_00033.png,5,215.28571428571428,112.36734693877551,49,2422,49.42857142857143
img_00033.png,6,183.9090909090909,111.63636363636364,22,580,26.363636363636363
img_00033.png,7,139.8,117.5,10,1001,100.1
img_00033.png,8,405.5,138.72727272727272,22,738,33.54545454545455
img_00033.png,9,112.1304347826087,170.1304347826087,23,962,41.82608695652174
img_00033.png,10,193.6153846153846,188.3846153846154,13,431,33.15384615384615
img_00033.png,11,203.57692307692307,192.30769230769232,26,847,32.57692307692308
img_00033.png,12,133.1818181818182,226.1818181818182,11,207,18.818181818181817
img_00033.png,13,53.32820512820513,293.8102564102564,195,5910,30.307692307692307
img_00033.png,14,471.5964912280702,311.6842105263158,57,3215,56.40350877192982
img_00033.png,15,386.58730158730157,363.8095238095238,63,2286,36.285714285714285
img_00033.png,16,63.28125,376.40625,32,1480,46.25
img_00033.png,17,455.7767857142857,393.89732142857144,224,9418,42.044642857142854
img_00033.png,18,367.5934065934066,431.45054945054943,91,3340,36.7032967032967
img_00033.png,19,452.55555555555554,448.6666666666667,9,174,19.333333333333332
img_00033.png,20,456.2985074626866,457.6194029850746,134,3792,28.29850746268657
img_00033.png,21,475.1034482758621,473.62068965517244,29,769,26.517241379310345
img_00034.png,0,126.36781609195403,27.17241379310345,87,3440,39.54022988505747
img_00034.png,1,273.12820512820514,36.38461538461539,39,1099,28.17948717948718
img_00034.png,2,416.2162162162162,37.945945945945944,37,962,26.0
img_00034.png,3,237.94117647058823,48.94117647058823,34,808,23.764705882352942
img_00034.png,4,137.6315789473684,125.78947368421052,38,1945,51.18421052631579
img_00034.png,5,459.375,135.54166666666666,24,441,18.375
img_00034.png,6,292.18518518518516,151.59259259259258,27,1041,38.55555555555556
img_00034.png,7,474.5,160.8181818181818,22,492,22.363636363636363
img_00034.png,8,37.794117647058826,169.38235294117646,34,961,28.264705882352942
img_00034.png,9,85.69444444444444,178.63888888888889,36,972,27.0
img_00034.png,10,59.470588235294116,195.66176470588235,68,1965,28.897058823529413
img_00034.png,11,235.30718954248366,221.0261437908497,153,5015,32.77777777777778
img_00034.png,12,250.06976744186048,269.6744186046512,43,924,21.488372093023255
img_00034.png,13,400.1111111111111,279.1111111111111,45,1268,28.177777777777777
img_00034.png,14,170.11111111111111,323.44444444444446,18,747,41.5
img_00034.png,15,232.16,330.28,25,475,19.0
img_00034.png,16,352.94594594594594,333.2162162162162,37,1148,31.027027027027028
img_00034.png,17,200.68115942028984,352.04347826086956,69,1850,26.81159420289855
img_00034.png,18,318.9259259259259,353.7037037037037,27,1461,54.111111111111114
img_00034.png,19,288.0,357.52941176470586,17,333,19.58823529411765
img_00034.png,20,35.22857142857143,388.0857142857143,35,1147,32.77142857142857
img_00034.png,21,389.01724137931035,393.7068965517241,58,2931,50.53448275862069
img_00034.png,22,55.0,399.6923076923077,13,207,15.923076923076923
img_00034.png,23,207.3846153846154,409.38461538461536,13,224,17.23076923076923
img_00034.png,24,365.0,422.57894736842104,19,307,16.157894736842106
img_00034.png,25,106.86206896551724,430.57471264367814,87,4613,53.02298850574713
img_00034.png,26,332.0,437.7142857142857,7,157,22.428571428571427
img_00034.png,27,273.30845771144277,449.9004975124378,201,6994,34.79601990049751
img_00034.png,28,55.64705882352941,459.0,17,555,32.64705882352941
img_00034.png,29,90.0,468.7142857142857,7,185,26.428571428571427
img_00034.png,30,95.78618421052632,483.89473684210526,304,12468,41.01315789473684
img_00035.png,0,45.19565217391305,35.130434782608695,46,2407,52.32608695652174
img_00035.png,1,142.11111111111111,39.111111111111114,9,136,15.11111111111111
img_00035.png,2,403.6521739130435,45.391304347826086,23,1091,47.43478260869565
img_00035.png,3,0.3333333333333333,48.333333333333336,3,18,6.0
img_00035.png,4,203.51785714285714,59.32142857142857,56,2444,43.642857142857146
img_00035.png,5,216.06967213114754,103.93852459016394,244,7622,31.237704918032787
img_00035.png,6,47.578947368421055,146.81578947368422,38,1439,37.86842105263158
img_00035.png,7,136.5,162.0,12,201,16.75
img_00035.png,8,140.69565217391303,172.3913043478261,23,483,21.0
img_00035.png,9,61.888888888888886,208.55555555555554,18,724,40.22222222222222
img_00035.png,10,85.58695652173913,222.6086956521739,46,2281,49.58695652173913
img_00035.png,11,25.45,231.4,20,442,22.1
img_00035.png,12,210.42105263157896,262.94736842105266,38,1131,29.763157894736842
img_00035.png,13,225.91666666666666,323.4375,48,1892,39.416666666666664
img_00035.png,14,366.3181818181818,357.71590909090907,88,2400,27.272727272727273
img_00035.png,15,48.24528301886792,391.1320754716981,53,1713,32.320754716981135
img_00035.png,16,320.2142857142857,415.14285714285717,14,358,25.571428571428573
img_00035.png,17,83.4927536231884,432.5217391304348,69,2124,30.782608695652176
img_00035.png,18,48.064516129032256,442.0,31,630,20.322580645161292
img_00035.png,19,337.0118577075099,452.90513833992094,253,10617,41.96442687747036
img_00035.png,20,189.66666666666666,455.26666666666665,15,505,33.666666666666664
img_00036.png,0,436.79487179487177,33.23076923076923,39,1393,35.717948717948715
img_00036.png,1,60.4,40.8,5,74,14.8
img_00036.png,2,336.84615384615387,64.0,13,231,17.76923076923077
img_00036.png,3,254.10256410256412,78.71794871794872,39,1998,51.23076923076923
img_00036.png,4,320.175,79.375,40,1467,36.675
img_00036.png,5,316.8,90.4,5,673,134.6
img_00036.png,6,148.25496688741723,159.90066225165563,302,12265,40.61258278145695
img_00036.png,7,26.0,167.0,14,231,16.5
img_00036.png,8,340.864406779661,208.59322033898306,59,1621,27.47457627118644
img_00036.png,9,399.4166666666667,207.04166666666666,24,896,37.333333333333336
img_00036.png,10,92.48936170212765,324.82978723404256,47,881,18.74468085106383
img_00036.png,11,118.78846153846153,336.0769230769231,52,1517,29.173076923076923
img_00036.png,12,103.84210526315789,365.8421052631579,19,367,19.31578947368421
img_00036.png,13,183.6086956521739,429.04347826086956,23,459,19.956521739130434
img_00036.png,14,232.33333333333334,427.3333333333333,3,663,221.0
img_00036.png,15,98.81739130434782,445.8521739130435,230,6673,29.01304347826087
img_00036.png,16,230.79166666666666,442.5833333333333,24,598,24.916666666666668
img_00036.png,17,84.96969696969697,473.3484848484849,66,2973,45.04545454545455
img_00037.png,0,119.5,99.5,28,998,35.642857142857146
img_00037.png,1,163.02380952380952,137.52380952380952,42,1801,42.88095238095238
img_00037.png,2,133.66666666666666,153.85714285714286,21,985,46.904761904761905
img_00037.png,3,239.25925925925927,193.2962962962963,27,1137,42.111111111111114
img_00037.png,4,296.9791666666667,228.8125,48,1685,35.104166666666664
img_00037.png,5,444.2,264.0,10,229,22.9
img_00037.png,6,69.01351351351352,306.3378378378378,74,3095,41.82432432432432
img_00037.png,7,106.2,312.0,10,145,14.5
img_00037.png,8,347.3333333333333,366.3333333333333,3,25,8.333333333333334
img_00038.png,0,298.7435897435897,26.384615384615383,39,1527,39.15384615384615
img_00038.png,1,74.64285714285714,30.642857142857142,14,294,21.0
img_00038.png,2,78.33333333333333,34.333333333333336,3,53,17.666666666666668
img_00038.png,3,315.0,36.8974358974359,39,2049,52.53846153846154
img_00038.png,4,77.0,38.0,7,97,13.857142857142858
img_00038.png,5,173.95833333333334,61.0,24,829,34.541666666666664
img_00038.png,6,473.90714285714284,80.94285714285714,140,4333,30.95
img_00038.png,7,457.2857142857143,97.5,14,303,21.642857142857142
img_00038.png,8,363.48837209302326,104.72093023255815,43,944,21.953488372093023
img_00038.png,9,144.3125,126.03125,32,1475,46.09375
img_00038.png,10,211.48,178.18,50,1708,34.16
img_00038.png,11,248.33333333333334,183.11111111111111,9,158,17.555555555555557
img_00038.png,12,293.89473684210526,199.42105263157896,19,645,33.94736842105263
img_00038.png,13,185.11111111111111,207.5185185185185,27,965,35.74074074074074
img_00038.png,14,279.22033898305085,218.01694915254237,59,2991,50.69491525423729
img_00038.png,15,464.5189189189189,219.93513513513514,185,5444,29.427027027027027
img_00038.png,16,222.94285714285715,222.8,35,1101,31.457142857142856
img_00038.png,17,333.1818181818182,234.3896103896104,77,3499,45.44155844155844
img_00038.png,18,458.04347826086956,277.9130434782609,23,923,40.130434782608695
img_00038.png,19,474.63157894736844,300.7368421052632,19,533,28.05263157894737
img_00038.png,20,120.11428571428571,373.48571428571427,35,1252,35.77142857142857
img_00038.png,21,284.741935483871,394.2903225806452,31,892,28.774193548387096
img_00038.png,22,90.30599369085174,403.1261829652997,317,12439,39.2397476340694
img_00038.png,23,24.566037735849058,430.6981132075472,53,2182,41.16981132075472
img_00038.png,24,167.78313253012047,435.8072289156627,83,2753,33.16867469879518
img_00038.png,25,74.4,448.8,5,77,15.4
img_00038.png,26,278.2769230769231,454.1384615384615,65,3150,48.46153846153846
img_00038.png,27,97.38888888888889,464.19444444444446,36,1780,49.44444444444444
img_00038.png,28,83.3913043478261,484.05797101449275,69,2558,37.072463768115945
img_00039.png,0,425.55555555555554,40.666666666666664,9,138,15.333333333333334
img_00039.png,1,430.9583333333333,47.25,24,444,18.5
img_00039.png,2,435.4,49.8,5,66,13.2
img_00039.png,3,33.03508771929825,92.63157894736842,57,1446,25.36842105263158
img_00039.png,4,198.93333333333334,119.26666666666667,15,259,17.266666666666666
img_00039.png,5,237.0,121.1304347826087,23,828,36.0
img_00039.png,6,381.76190476190476,144.88095238095238,42,1680,40.0
img_00039.png,7,215.58064516129033,192.93548387096774,31,1654,53.354838709677416
img_00039.png,8,479.62857142857143,312.0571428571429,35,911,26.02857142857143
img_00039.png,9,197.08,385.62,50,1881,37.62
img_00039.png,10,155.125,385.1875,16,558,34.875
img_00039.png,11,118.75,407.6333333333333,60,2094,34.9
img_00039.png,12,342.0681818181818,420.04545454545456,44,1520,34.54545454545455
img_00039.png,13,432.8,447.4,5,86,17.2
img_00039.png,14,284.25,467.65909090909093,88,1927,21.897727272727273
img_00039.png,15,169.672131147541,479.75409836065575,61,3301,54.114754098360656
img_00039.png,16,288.4375,487.625,16,546,34.125
img_00040.png,0,158.5952380952381,83.83333333333333,42,1038,24.714285714285715
img_00040.png,1,479.88513513513516,88.80405405405405,148,5001,33.79054054054054
img_00040.png,2,154.33333333333334,87.33333333333333,3,57,19.0
img_00040.png,3,263.1951219512195,93.58536585365853,41,1752,42.73170731707317
img_00040.png,4,116.39655172413794,139.70689655172413,58,1590,27.413793103448278
img_00040.png,5,324.3974358974359,163.03846153846155,78,3947,50.6025641025641
img_00040.png,6,441.8,161.4,5,654,130.8
img_00040.png,7,318.5,191.7109375,128,4890,38.203125
img_00040.png,8,440.54545454545456,226.54545454545453,55,1310,23.818181818181817
img_00040.png,9,466.0,241.0,43,1284,29.86046511627907
img_00040.png,10,233.8,273.44,25,808,32.32
img_00040.png,11,357.0,275.6060606060606,33,1127,34.15151515151515
img_00040.png,12,111.52777777777777,280.1666666666667,36,1285,35.69444444444444
img_00040.png,13,353.6666666666667,295.72222222222223,18,669,37.166666666666664
img_00040.png,14,25.056603773584907,313.811320754717,53,2983,56.283018867924525
img_00040.png,15,439.5,317.0,28,921,32.892857142857146
img_00040.png,16,231.53416149068323,343.29813664596276,161,6378,39.61490683229814
img_00040.png,17,27.772727272727273,339.72727272727275,44,1431,32.52272727272727
img_00040.png,18,302.4,390.4,15,609,40.6
img_00040.png,19,110.19047619047619,403.4047619047619,42,2295,54.642857142857146
img_00040.png,20,438.7647058823529,423.11764705882354,51,2840,55.68627450980392
img_00040.png,21,231.72549019607843,437.7843137254902,51,2473,48.490196078431374
img_00040.png,22,396.49152542372883,444.6779661016949,59,3121,52.898305084745765
img_00040.png,23,37.214285714285715,459.5,28,1399,49.964285714285715
img_00040.png,24,110.57142857142857,482.85714285714283,14,294,21.0
img_00040.png,25,260.0,491.7142857142857,7,696,99.42857142857143
img_00041.png,0,40.36363636363637,64.63636363636364,22,508,23.09090909090909
img_00041.png,1,144.94,67.6,50,1068,21.36
img_00041.png,2,384.6,104.2,15,320,21.333333333333332
img_00041.png,3,384.4,111.8,5,73,14.6
img_00041.png,4,325.9122807017544,222.8421052631579,57,2785,48.85964912280702
img_00041.png,5,0.3333333333333333,222.33333333333334,3,35,11.666666666666666
img_00041.png,6,76.0,233.88,50,2456,49.12
img_00041.png,7,423.875,262.875,8,747,93.375
img_00041.png,8,251.55102040816325,279.1020408163265,49,1623,33.12244897959184
img_00041.png,9,37.125,291.75,16,330,20.625
img_00041.png,10,150.51923076923077,322.1730769230769,52,2171,41.75
img_00041.png,11,269.8443396226415,334.04245283018867,212,9612,45.339622641509436
img_00041.png,12,371.74093264248705,346.2279792746114,193,6986,36.196891191709845
img_00041.png,13,335.7142857142857,349.2197802197802,91,2429,26.692307692307693
img_00041.png,14,238.4516129032258,360.9032258064516,31,1382,44.58064516129032
img_00041.png,15,267.9166666666667,376.22222222222223,72,3211,44.59722222222222
img_00041.png,16,478.8125,386.90625,32,1128,35.25
img_00041.png,17,39.44444444444444,437.2962962962963,27,1202,44.51851851851852
img_00041.png,18,114.4,461.8,5,690,138.0
img_00041.png,19,138.0,471.7142857142857,7,171,24.428571428571427
img_00041.png,20,35.5625,474.40625,32,1161,36.28125
img_00042.png,0,88.2,28.8,35,1154,32.97142857142857
img_00042.png,1,183.0,66.06451612903226,31,1278,41.225806451612904
img_00042.png,2,301.94117647058823,82.3529411764706,17,304,17.88235294117647
img_00042.png,3,453.2025316455696,106.20253164556962,79,4114,52.075949367088604
img_00042.png,4,362.8181818181818,116.81818181818181,22,1101,50.04545454545455
img_00042.png,5,41.35658914728682,132.89147286821705,129,3521,27.294573643410853
img_00042.png,6,147.31297709923663,164.8091603053435,131,3768,28.763358778625953
img_00042.png,7,401.04545454545456,167.86363636363637,44,2012,45.72727272727273
img_00042.png,8,89.75,171.33333333333334,24,856,35.666666666666664
img_00042.png,9,383.62068965517244,180.20689655172413,29,1495,51.55172413793103
img_00042.png,10,378.42105263157896,190.89473684210526,19,674,35.473684210526315
img_00042.png,11,214.33333333333334,280.3333333333333,3,37,12.333333333333334
img_00042.png,12,125.32352941176471,410.5,34,1546,45.470588235294116
img_00042.png,13,184.8,437.9,20,469,23.45
img_00042.png,14,369.3333333333333,459.0,18,539,29.944444444444443
img_00042.png,15,487.2857142857143,457.5,14,271,19.357142857142858
img_00042.png,16,427.8333333333333,495.8333333333333,6,713,118.83333333333333
img_00043.png,0,182.48387096774192,28.274193548387096,62,2988,48.193548387096776
img_00043.png,1,325.22222222222223,44.2962962962963,54,2708,50.148148148148145
img_00043.png,2,276.8333333333333,65.61904761904762,42,1644,39.142857142857146
img_00043.png,3,10.333333333333334,88.33333333333333,3,512,170.66666666666666
img_00043.png,4,154.75,98.75,20,612,30.6
img_00043.png,5,396.72727272727275,107.72727272727273,11,245,22.272727272727273
img_00043.png,6,142.96363636363637,151.61212121212122,165,4932,29.89090909090909
img_00043.png,7,134.5,163.95,60,1675,27.916666666666668
img_00043.png,8,97.66666666666667,171.57142857142858,21,483,23.0
img_00043.png,9,126.04166666666667,239.89583333333334,48,2593,54.020833333333336
img_00043.png,10,420.3,242.3,10,282,28.2
img_00043.png,11,320.3114754098361,267.95081967213116,122,3793,31.09016393442623
img_00043.png,12,93.41379310344827,278.13793103448273,29,1082,37.310344827586206
img_00043.png,13,44.51851851851852,304.34567901234567,81,4089,50.48148148148148
img_00043.png,14,295.44,345.8,25,1054,42.16
img_00043.png,15,431.5925925925926,357.8888888888889,54,1190,22.037037037037038
img_00043.png,16,34.48826291079812,373.0892018779343,213,9462,44.42253521126761
img_00043.png,17,319.0967741935484,385.2258064516129,155,4925,31.774193548387096
img_00043.png,18,459.3114754098361,385.4918032786885,61,2403,39.39344262295082
img_00043.png,19,29.186274509803923,408.5833333333333,204,7006,34.34313725490196
img_00044.png,0,235.4848484848485,25.181818181818183,33,1512,45.81818181818182
img_00044.png,1,225.02142857142857,42.91428571428571,140,4615,32.964285714285715
img_00044.png,2,361.7088607594937,68.29113924050633,79,3490,44.177215189873415
img_00044.png,3,488.09302325581393,86.72093023255815,43,2254,52.41860465116279
img_00044.png,4,122.63440860215054,129.79928315412187,279,10920,39.13978494623656
img_00044.png,5,316.188679245283,127.0377358490566,53,1813,34.20754716981132
img_00044.png,6,429.6666666666667,126.85714285714286,21,760,36.19047619047619
img_00044.png,7,312.55555555555554,142.77777777777777,36,1424,39.55555555555556
img_00044.png,8,104.3048780487805,176.54065040650406,246,8920,36.260162601626014
img_00044.png,9,71.859375,181.25,64,1143,17.859375
img_00044.png,10,64.33333333333333,176.33333333333334,3,40,13.333333333333334
img_00044.png,11,35.5,201.6818181818182,22,579,26.318181818181817
img_00044.png,12,419.89230769230767,217.90769230769232,65,2973,45.738461538461536
img_00044.png,13,98.37931034482759,222.51724137931035,29,996,34.3448275862069
img_00044.png,14,271.015873015873,232.4126984126984,63,3491,55.41269841269841
img_00044.png,15,195.40196078431373,266.27450980392155,102,3160,30.980392156862745
img_00044.png,16,226.5483870967742,268.83870967741933,31,733,23.64516129032258
img_00044.png,17,160.15131578947367,300.1644736842105,152,3401,22.375
img_00044.png,18,204.88888888888889,303.55555555555554,18,753,41.833333333333336
img_00044.png,19,61.1578947368421,312.7368421052632,19,581,30.57894736842105
img_00044.png,20,104.07272727272728,314.0,55,1407,25.581818181818182
img_00044.png,21,313.59615384615387,344.50961538461536,104,3432,33.0
img_00044.png,22,245.92957746478874,346.9577464788732,71,1710,24.08450704225352
img_00044.png,23,302.52830188679246,396.3207547169811,53,1256,23.69811320754717
img_00044.png,24,241.31428571428572,405.0571428571429,35,724,20.685714285714287
img_00044.png,25,169.04109589041096,417.83561643835617,73,2353,32.23287671232877
img_00044.png,26,290.2432432432432,419.43243243243245,37,1585,42.83783783783784
img_00044.png,27,242.82608695652175,422.8695652173913,46,1571,34.15217391304348
img_00044.png,28,119.48314606741573,438.561797752809,89,4974,55.8876404494382
img_00044.png,29,154.2826086956522,440.9782608695652,46,762,16.565217391304348
img_00044.png,30,253.49659863945578,446.70068027210885,147,5675,38.605442176870746
img_00044.png,31,241.85294117647058,446.94117647058823,34,1408,41.411764705882355
img_00044.png,32,428.8421052631579,458.8421052631579,19,387,20.36842105263158
img_00044.png,33,137.13333333333333,467.1333333333333,30,819,27.3
img_00044.png,34,69.0,470.10526315789474,19,438,23.05263157894737
img_00044.png,35,101.57142857142857,471.0,14,207,14.785714285714286
img_00045.png,0,230.0,26.473684210526315,19,948,49.89473684210526
img_00045.png,1,63.39473684210526,91.34210526315789,38,1789,47.078947368421055
img_00045.png,2,32.417391304347824,121.47826086956522,115,2816,24.48695652173913
img_00045.png,3,216.6,139.22,50,1770,35.4
img_00045.png,4,304.36842105263156,186.8421052631579,19,417,21.94736842105263
img_00045.png,5,263.0,187.63636363636363,22,763,34.68181818181818
img_00045.png,6,124.24,195.8,25,915,36.6
img_00045.png,7,212.6818181818182,363.77272727272725,44,2056,46.72727272727273
img_00045.png,8,57.5,372.2142857142857,28,1049,37.464285714285715
img_00045.png,9,184.9322033898305,426.20338983050846,59,1504,25.491525423728813
img_00045.png,10,235.6590909090909,475.6212121212121,132,4355,32.99242424242424
img_00045.png,11,99.6875,484.5833333333333,48,1932,40.25
img_00046.png,0,404.7142857142857,90.0,7,726,103.71428571428571
img_00046.png,1,296.28205128205127,96.46153846153847,39,1776,45.53846153846154
img_00046.png,2,473.1578947368421,95.84210526315789,19,516,27.157894736842106
img_00046.png,3,194.875,130.875,8,558,69.75
img_00046.png,4,215.27118644067798,161.27118644067798,59,2729,46.25423728813559
img_00046.png,5,460.4021739130435,193.6304347826087,92,2179,23.684782608695652
img_00046.png,6,387.7142857142857,195.0,7,133,19.0
img_00046.png,7,179.66666666666666,199.5,18,370,20.555555555555557
img_00046.png,8,438.92424242424244,257.7878787878788,66,1625,24.62121212121212
img_00046.png,9,348.8235294117647,272.3529411764706,17,308,18.11764705882353
img_00046.png,10,276.5925925925926,294.55555555555554,27,1150,42.592592592592595
img_00046.png,11,109.6086956521739,303.6521739130435,23,1104,48.0
img_00046.png,12,411.8857142857143,317.6857142857143,35,1273,36.371428571428574
img_00046.png,13,178.29032258064515,340.4516129032258,31,1378,44.45161290322581
img_00046.png,14,206.33333333333334,347.3333333333333,3,45,15.0
img_00046.png,15,423.05494505494505,405.31868131868134,91,3811,41.879120879120876
img_00046.png,16,147.66666666666666,408.85714285714283,21,884,42.095238095238095
img_00046.png,17,269.6730769230769,433.5,52,2583,49.67307692307692
img_00046.png,18,138.3846153846154,448.38461538461536,13,292,22.46153846153846
img_00046.png,19,371.26666666666665,461.6333333333333,30,1408,46.93333333333333
img_00046.png,20,80.2,483.3333333333333,30,1026,34.2
img_00046.png,21,0.3333333333333333,486.3333333333333,3,42,14.0
img_00047.png,0,291.14285714285717,47.116883116883116,77,4245,55.12987012987013
img_00047.png,1,217.54545454545453,49.90909090909091,55,3214,58.43636363636364
img_00047.png,2,73.57692307692308,122.3076923076923,26,1234,47.46153846153846
img_00047.png,3,218.695,223.055,200,8165,40.825
img_00047.png,4,258.5,249.5,12,354,29.5
img_00047.png,5,89.57142857142857,264.2857142857143,21,723,34.42857142857143
img_00047.png,6,217.28125,281.5625,32,1054,32.9375
img_00047.png,7,479.3818181818182,323.27272727272725,55,2405,43.72727272727273
img_00047.png,8,312.9761904761905,350.1190476190476,42,1793,42.69047619047619
img_00047.png,9,321.56756756756755,458.43243243243245,37,882,23.83783783783784
img_00047.png,10,157.59420289855072,474.3623188405797,69,3330,48.26086956521739
img_00047.png,11,138.8,477.8,5,104,20.8
img_00047.png,12,136.875,481.875,8,184,23.0
img_00047.png,13,142.66666666666666,485.6666666666667,6,115,19.166666666666668
img_00047.png,14,353.0,498.7142857142857,7,718,102.57142857142857
img_00048.png,0,144.91397849462365,38.795698924731184,93,3682,39.59139784946237
img_00048.png,1,168.25,170.15625,32,811,25.34375
img_00048.png,2,9.333333333333334,171.33333333333334,3,675,225.0
img_00048.png,3,126.22222222222223,232.0952380952381,63,945,15.0
img_00048.png,4,205.1764705882353,246.8235294117647,34,651,19.147058823529413
img_00048.png,5,453.04,248.18,50,1502,30.04
img_00048.png,6,70.45,255.15,40,947,23.675
img_00048.png,7,432.5769230769231,270.34615384615387,52,1835,35.28846153846154
img_00048.png,8,309.8333333333333,276.6666666666667,36,1074,29.833333333333332
img_00048.png,9,134.58823529411765,299.11764705882354,85,2813,33.09411764705882
img_00048.png,10,387.85714285714283,324.6666666666667,21,762,36.285714285714285
img_00048.png,11,372.8333333333333,355.8333333333333,6,700,116.66666666666667
img_00048.png,12,142.33333333333334,401.3333333333333,3,532,177.33333333333334
img_00048.png,13,408.2121212121212,405.6515151515151,66,1105,16.742424242424242
img_00048.png,14,321.52272727272725,427.1136363636364,44,1370,31.136363636363637
img_00048.png,15,439.5845070422535,440.2676056338028,142,4708,33.15492957746479
img_00048.png,16,105.0,458.3414634146341,41,922,22.48780487804878
img_00048.png,17,389.72727272727275,479.5681818181818,44,1377,31.295454545454547
img_00049.png,0,447.2857142857143,29.228571428571428,35,1319,37.68571428571428
img_00049.png,1,279.27536231884056,59.3768115942029,69,1672,24.231884057971016
img_00049.png,2,128.91379310344828,78.84482758620689,58,2173,37.46551724137931
img_00049.png,3,378.0625,84.375,16,225,14.0625
img_00049.png,4,251.69230769230768,122.3076923076923,13,261,20.076923076923077
img_00049.png,5,97.6470588235294,142.76470588235293,34,1503,44.205882352941174
img_00049.png,6,355.5263157894737,146.7017543859649,57,2117,37.14035087719298
img_00049.png,7,397.04347826086956,157.6304347826087,46,968,21.043478260869566
img_00049.png,8,292.53846153846155,168.12307692307692,65,3170,48.76923076923077
img_00049.png,9,272.48571428571427,176.71428571428572,35,1457,41.628571428571426
img_00049.png,10,340.1645569620253,250.35443037974684,79,1487,18.82278481012658
img_00049.png,11,111.39393939393939,263.6060606060606,33,1296,39.27272727272727
img_00049.png,12,338.56387665198235,282.40088105726875,227,8433,37.14977973568282
img_00049.png,13,426.0,304.7142857142857,7,119,17.0
img_00049.png,14,250.49397590361446,382.6024096385542,83,2192,26.40963855421687
img_00049.png,15,216.76315789473685,433.36842105263156,38,668,17.57894736842105
img_00049.png,16,312.25925925925924,451.74074074074076,27,990,36.666666666666664
img_00049.png,17,183.19354838709677,486.0967741935484,31,1302,42.0
img_00050.png,0,365.79423868312756,57.794238683127574,243,8088,33.28395061728395
img_00050.png,1,110.66956521739131,100.14782608695653,115,2235,19.434782608695652
img_00050.png,2,177.81690140845072,106.83098591549296,142,3606,25.3943661971831
img_00050.png,3,391.8103448275862,150.24137931034483,58,2383,41.08620689655172
img_00050.png,4,470.5,164.02941176470588,34,734,21.58823529411765
img_00050.png,5,29.586206896551722,201.13793103448276,29,697,24.03448275862069
img_00050.png,6,228.33333333333334,214.33333333333334,3,699,233.0
img_00050.png,7,152.98657718120805,241.89261744966444,149,3668,24.61744966442953
img_00050.png,8,274.3636363636364,260.3636363636364,99,2043,20.636363636363637
img_00050.png,9,111.5,277.11538461538464,78,4022,51.56410256410256
img_00050.png,10,195.06896551724137,294.7241379310345,58,1815,31.29310344827586
img_00050.png,11,444.75,318.75,64,3062,47.84375
img_00050.png,12,484.8225806451613,341.14516129032256,62,2772,44.70967741935484
img_00050.png,13,172.84297520661158,372.3636363636364,121,3028,25.024793388429753
img_00050.png,14,456.0904977375566,390.0995475113122,221,5883,26.619909502262445
img_00050.png,15,51.858823529411765,409.05882352941177,85,4862,57.2
img_00050.png,16,332.8333333333333,407.8333333333333,6,489,81.5
img_00050.png,17,55.5625,455.375,16,488,30.5
img_00050.png,18,479.2142857142857,460.5,70,4181,59.72857142857143
img_00050.png,19,41.9,465.06666666666666,30,687,22.9
img_00051.png,0,79.62068965517241,34.206896551724135,29,1234,42.55172413793103
img_00051.png,1,322.5217391304348,42.15942028985507,69,3741,54.21739130434783
img_00051.png,2,414.73333333333335,39.96666666666667,30,1499,49.96666666666667
img_00051.png,3,224.9142857142857,71.12857142857143,70,4109,58.7
img_00051.png,4,371.5681818181818,102.63636363636364,44,1659,37.70454545454545
img_00051.png,5,206.96296296296296,127.81481481481481,54,2464,45.629629629629626
img_00051.png,6,123.04,134.6,25,1147,45.88
img_00051.png,7,313.42105263157896,134.89473684210526,19,798,42.0
img_00051.png,8,388.32758620689657,136.20689655172413,116,3971,34.23275862068966
img_00051.png,9,269.0833333333333,152.66666666666666,12,611,50.916666666666664
img_00051.png,10,193.875,166.875,8,152,19.0
img_00051.png,11,86.28571428571429,174.5,14,577,41.214285714285715
img_00051.png,12,101.625,175.578125,64,3378,52.78125
img_00051.png,13,136.27777777777777,177.94444444444446,18,449,24.944444444444443
img_00051.png,14,264.43243243243245,185.3783783783784,37,1191,32.189189189189186
img_00051.png,15,362.11607142857144,215.37053571428572,224,7383,32.95982142857143
img_00051.png,16,170.34782608695653,228.3695652173913,46,1916,41.65217391304348
img_00051.png,17,228.67857142857142,239.28571428571428,28,1110,39.642857142857146
img_00051.png,18,364.875,258.875,8,180,22.5
img_00051.png,19,112.88505747126437,320.44827586206895,87,3030,34.827586206896555
img_00051.png,20,65.6969696969697,320.5151515151515,33,1383,41.90909090909091
img_00051.png,21,485.7090909090909,347.2909090909091,55,2458,44.69090909090909
img_00051.png,22,271.875,350.9375,32,1466,45.8125
img_00051.png,23,454.9428571428571,351.2857142857143,35,978,27.942857142857143
img_00051.png,24,483.1813725490196,404.3137254901961,204,7223,35.40686274509804
img_00051.png,25,247.54166666666666,449.75,24,764,31.833333333333332
img_00052.png,0,404.1509433962264,31.735849056603772,53,1681,31.71698113207547
img_00052.png,1,425.0,30.612903225806452,31,1423,45.903225806451616
img_00052.png,2,334.7236842105263,61.776315789473685,76,2668,35.10526315789474
img_00052.png,3,146.74436090225564,83.30075187969925,133,3722,27.984962406015036
img_00052.png,4,342.2857142857143,102.71428571428571,35,1222,34.91428571428571
img_00052.png,5,164.9268292682927,113.82926829268293,41,1444,35.21951219512195
img_00052.png,6,107.33333333333333,117.33333333333333,3,56,18.666666666666668
img_00052.png,7,200.5483870967742,120.74193548387096,31,1211,39.064516129032256
img_00052.png,8,103.8,120.4,5,99,19.8
img_00052.png,9,191.76470588235293,128.2058823529412,68,3699,54.39705882352941
img_00052.png,10,102.65517241379311,131.89655172413794,29,1083,37.3448275862069
img_00052.png,11,316.2692307692308,152.15384615384616,26,576,22.153846153846153
img_00052.png,12,335.3333333333333,155.33333333333334,3,38,12.666666666666666
img_00052.png,13,109.58536585365853,159.21951219512195,41,904,22.048780487804876
img_00052.png,14,312.27338129496405,165.5179856115108,139,4191,30.151079136690647
img_00052.png,15,474.88,181.56,25,622,24.88
img_00052.png,16,201.48275862068965,194.86206896551724,58,2710,46.724137931034484
img_00052.png,17,279.36842105263156,206.76315789473685,38,1808,47.578947368421055
img_00052.png,18,197.1860465116279,221.74418604651163,43,1952,45.395348837209305
img_00052.png,19,399.02521008403363,241.85714285714286,119,4558,38.30252100840336
img_00052.png,20,430.1818181818182,243.6818181818182,22,430,19.545454545454547
img_00052.png,21,109.97777777777777,250.75555555555556,45,1588,35.28888888888889
img_00052.png,22,409.5833333333333,269.0,36,1413,39.25
img_00052.png,23,80.86363636363636,288.3181818181818,22,934,42.45454545454545
img_00052.png,24,277.88461538461536,298.61538461538464,26,440,16.923076923076923
img_00052.png,25,268.8,298.4,5,73,14.6
img_00052.png,26,358.5,304.3888888888889,18,383,21.27777777777778
img_00052.png,27,128.84313725490196,323.54901960784315,51,2168,42.509803921568626
img_00052.png,28,359.1578947368421,349.03684210526313,190,6674,35.126315789473686
img_00052.png,29,166.8421052631579,349.8421052631579,19,793,41.73684210526316
img_00052.png,30,303.8412698412698,407.0,63,2386,37.87301587301587
img_00052.png,31,257.8421052631579,430.8421052631579,19,863,45.421052631578945
img_00052.png,32,94.9090909090909,441.2121212121212,33,948,28.727272727272727
img_00052.png,33,292.3333333333333,448.3333333333333,3,37,12.333333333333334
img_00052.png,34,440.35483870967744,452.48387096774195,31,1204,38.83870967741935
img_00052.png,35,221.94,461.62,50,2278,45.56
img_00052.png,36,178.60714285714286,485.14285714285717,28,574,20.5
img_00053.png,0,93.88888888888889,65.33333333333333,9,211,23.444444444444443
img_00053.png,1,418.72727272727275,87.95454545454545,44,1873,42.56818181818182
img_00053.png,2,17.333333333333332,94.33333333333333,3,20,6.666666666666667
img_00053.png,3,137.66666666666666,139.06060606060606,33,1348,40.84848484848485
img_00053.png,4,0.3333333333333333,163.33333333333334,3,28,9.333333333333334
img_00053.png,5,86.68571428571428,180.6952380952381,105,3883,36.98095238095238
img_00053.png,6,229.75,197.75,20,813,40.65
img_00053.png,7,132.45454545454547,215.8181818181818,44,2120,48.18181818181818
img_00053.png,8,266.57142857142856,217.35714285714286,14,469,33.5
img_00053.png,9,306.4,262.4,10,203,20.3
img_00053.png,10,189.66666666666666,314.46666666666664,15,797,53.13333333333333
img_00053.png,11,266.0,353.1363636363636,22,681,30.954545454545453
img_00053.png,12,480.65277777777777,455.8611111111111,72,2911,40.43055555555556
img_00053.png,13,0.3333333333333333,452.3333333333333,3,28,9.333333333333334
img_00054.png,0,423.3333333333333,0.3333333333333333,3,28,9.333333333333334
img_00054.png,1,417.78723404255317,82.74468085106383,47,2082,44.297872340425535
img_00054.png,2,461.5869565217391,117.28260869565217,46,1660,36.08695652173913
img_00054.png,3,298.0657894736842,134.69736842105263,76,2770,36.44736842105263
img_00054.png,4,62.61702127659574,150.62765957446808,94,3668,39.02127659574468
img_00054.png,5,0.3333333333333333,153.33333333333334,3,22,7.333333333333333
img_00054.png,6,193.32167832167832,196.3006993006993,143,4581,32.03496503496503
img_00054.png,7,322.0,195.0,22,635,28.863636363636363
img_00054.png,8,400.59322033898303,232.91525423728814,59,2729,46.25423728813559
img_00054.png,9,459.546875,234.828125,64,1618,25.28125
img_00054.png,10,430.7118644067797,258.8305084745763,59,2128,36.067796610169495
img_00054.png,11,128.875,273.4,80,4431,55.3875
img_00054.png,12,404.7142857142857,281.0,7,130,18.571428571428573
img_00054.png,13,408.3333333333333,283.3333333333333,3,60,20.0
img_00054.png,14,166.32432432432432,439.86486486486484,37,1046,28.27027027027027
img_00054.png,15,333.82978723404256,453.1063829787234,94,2484,26.425531914893618
img_00054.png,16,414.4805194805195,454.0,77,4408,57.246753246753244
img_00054.png,17,210.32,463.0,25,726,29.04
img_00055.png,0,488.3333333333333,47.333333333333336,15,284,18.933333333333334
img_00055.png,1,486.9642857142857,85.42857142857143,28,1060,37.857142857142854
img_00055.png,2,244.34615384615384,90.88461538461539,52,1998,38.42307692307692
img_00055.png,3,323.4088235294118,146.7764705882353,340,13850,40.73529411764706
img_00055.png,4,225.8,186.5,10,262,26.2
img_00055.png,5,486.2258064516129,202.32258064516128,31,1330,42.903225806451616
img_00055.png,6,307.64285714285717,235.64285714285714,14,290,20.714285714285715
img_00055.png,7,446.3333333333333,259.3333333333333,3,60,20.0
img_00055.png,8,305.7090909090909,265.8909090909091,55,1825,33.18181818181818
img_00055.png,9,354.70068027210885,276.0612244897959,147,4729,32.17006802721088
img_00055.png,10,179.47692307692307,313.5846153846154,65,2636,40.55384615384615
img_00055.png,11,263.5,345.8333333333333,12,233,19.416666666666668
img_00055.png,12,56.0,403.5,26,921,35.42307692307692
img_00055.png,13,32.95,404.6,20,672,33.6
img_00055.png,14,73.26666666666667,403.6666666666667,15,623,41.53333333333333
img_00055.png,15,0.3333333333333333,419.3333333333333,3,25,8.333333333333334
img_00055.png,16,326.494623655914,446.247311827957,93,5032,54.10752688172043
img_00055.png,17,31.316831683168317,469.0792079207921,101,1920,19.00990099009901
img_00055.png,18,231.56410256410257,474.64102564102564,39,1486,38.1025641025641
img_00056.png,0,0.3333333333333333,29.333333333333332,3,17,5.666666666666667
img_00056.png,1,39.875,29.875,8,535,66.875
img_00056.png,2,193.33333333333334,38.333333333333336,3,28,9.333333333333334
img_00056.png,3,333.6949152542373,46.898305084745765,59,1100,18.64406779661017
img_00056.png,4,466.11764705882354,46.0,17,457,26.88235294117647
img_00056.png,5,345.14084507042253,52.16901408450704,71,2963,41.732394366197184
img_00056.png,6,0.3333333333333333,70.33333333333333,3,27,9.0
img_00056.png,7,322.75,72.625,24,546,22.75
img_00056.png,8,321.98425196850394,94.45669291338582,127,5018,39.511811023622045
img_00056.png,9,209.0873015873016,128.77777777777777,126,4231,33.57936507936508
img_00056.png,10,274.9222222222222,258.02222222222224,90,3103,34.477777777777774
img_00056.png,11,300.7142857142857,264.92857142857144,84,3030,36.07142857142857
img_00056.png,12,0.4,265.8,5,65,13.0
img_00056.png,13,310.4342105263158,314.5394736842105,76,3681,48.43421052631579
img_00056.png,14,146.4805194805195,327.4155844155844,77,3908,50.753246753246756
img_00056.png,15,28.4,334.4,15,294,19.6
img_00056.png,16,467.5593220338983,387.0169491525424,59,2359,39.983050847457626
img_00056.png,17,349.4736842105263,454.1578947368421,19,386,20.31578947368421
img_00056.png,18,77.93617021276596,461.5851063829787,94,4984,53.02127659574468
img_00057.png,0,410.3333333333333,0.3333333333333333,3,18,6.0
img_00057.png,1,438.2926829268293,55.353658536585364,82,3013,36.74390243902439
img_00057.png,2,37.24,66.2,25,410,16.4
img_00057.png,3,354.5245901639344,72.04918032786885,61,1818,29.80327868852459
img_00057.png,4,106.2051282051282,102.2051282051282,39,1168,29.94871794871795
img_00057.png,5,238.8876404494382,159.86516853932585,89,3604,40.49438202247191
img_00057.png,6,300.1621621621622,158.02702702702703,37,578,15.621621621621621
img_00057.png,7,366.7361111111111,225.13194444444446,144,4264,29.61111111111111
img_00057.png,8,302.2647058823529,252.91176470588235,34,1062,31.235294117647058
img_00057.png,9,207.19540229885058,278.367816091954,87,3907,44.9080459770115
img_00057.png,10,217.3134328358209,325.7014925373134,67,2917,43.53731343283582
img_00057.png,11,275.531914893617,355.72340425531917,47,1661,35.340425531914896
img_00057.png,12,370.43859649122805,377.63157894736844,57,1073,18.82456140350877
img_00057.png,13,88.22448979591837,390.0816326530612,49,1505,30.714285714285715
img_00057.png,14,119.59782608695652,404.83152173913044,184,5798,31.51086956521739
img_00057.png,15,287.2258064516129,396.7096774193548,31,869,28.032258064516128
img_00057.png,16,342.88235294117646,413.4117647058824,17,288,16.941176470588236
img_00057.png,17,231.8421052631579,439.6842105263158,19,392,20.63157894736842
img_00057.png,18,251.30434782608697,451.0,23,766,33.30434782608695
img_00058.png,0,180.375,56.0,16,385,24.0625
img_00058.png,1,109.76388888888889,75.97916666666667,144,4516,31.36111111111111
img_00058.png,2,267.3157894736842,73.15789473684211,19,596,31.36842105263158
img_00058.png,3,311.26666666666665,83.45,60,3203,53.38333333333333
img_00058.png,4,436.09090909090907,89.67045454545455,88,2567,29.170454545454547
img_00058.png,5,122.64516129032258,118.2258064516129,31,1226,39.54838709677419
img_00058.png,6,184.46511627906978,290.8488372093023,86,2521,29.313953488372093
img_00058.png,7,133.64,298.24,25,1056,42.24
img_00058.png,8,463.4375,302.625,16,503,31.4375
img_00058.png,9,169.08189655172413,317.26724137931035,232,5592,24.103448275862068
img_00058.png,10,357.734375,337.875,64,1600,25.0
img_00058.png,11,204.17307692307693,354.61538461538464,52,2287,43.98076923076923
img_00058.png,12,258.05797101449275,355.4927536231884,69,1527,22.130434782608695
img_00058.png,13,180.625,364.25,8,117,14.625
img_00058.png,14,467.9318181818182,394.1818181818182,44,1820,41.36363636363637
img_00058.png,15,135.39069767441862,445.8511627906977,215,8281,38.51627906976744
img_00058.png,16,285.6341463414634,453.4634146341463,41,1281,31.24390243902439
img_00059.png,0,471.5483870967742,68.50537634408602,93,1796,19.311827956989248
img_00059.png,1,440.5432098765432,167.98765432098764,81,3943,48.67901234567901
img_00059.png,2,150.375,166.96875,32,1193,37.28125
img_00059.png,3,298.44444444444446,220.2888888888889,45,1600,35.55555555555556
img_00059.png,4,419.2361111111111,241.79166666666666,72,3296,45.77777777777778
img_00059.png,5,279.3333333333333,249.33333333333334,3,28,9.333333333333334
img_00059.png,6,136.85,314.45,40,1439,35.975
img_00059.png,7,288.38461538461536,365.84615384615387,13,262,20.153846153846153
img_00059.png,8,233.57142857142858,462.3809523809524,21,499,23.761904761904763
